calificacion_capacitacion,annos_experiencia,annos_en_empresa,desempenno,edad,distancia_lugar_trabajo,porcentaje_equipo_habla_espannol,genero,abandono
4.840446,5,2,81.05207,22,1.635494,24.11053,Masculino,FALSE
4.355449,0,8,93.72386,19,0.234684,96.0864,Masculino,FALSE
4.416302,3,2,66.49519,22,0.6730647,100,Masculino,TRUE
4.995522,11,3,87.0598,29,0.2327185,93.20673,Masculino,TRUE
4.531571,1,0,77.78675,40,2.333878,23.0319,Femenino,FALSE
4.920617,9,5,74.47338,41,0.4365438,100,Femenino,TRUE
4.920617,9,5,74.47338,41,0.4365438,100,Femenino,FALSE
4.157577,3,4,67.30867,25,1.474573,7.47432,Masculino,TRUE
4.531462,5,4,58.47932,43,0.8292032,20.86741,Femenino,FALSE
3.481091,1,4,66.51013,39,1.191087,44.76787,Masculino,FALSE
3.481091,1,4,66.51013,39,1.191087,44.76787,Masculino,FALSE
4.978261,4,9,81.84412,26,1.651145,19.83364,Femenino,FALSE
4.357948,7,2,80.98911,23,0.0394766,92.35741,Femenino,FALSE
4.357948,7,2,80.98911,23,0.0394766,92.35741,Femenino,TRUE
4.950037,11,5,64.91282,27,0.3975453,100,Masculino,FALSE
4.950037,11,5,64.91282,27,0.3975453,100,Masculino,FALSE
4.647953,1,0,81.83416,41,2.148067,35.49015,Masculino,FALSE
4.647953,1,0,81.83416,41,2.148067,35.49015,Masculino,FALSE
4.882038,0,0,81.29402,24,0.1549564,100,Masculino,FALSE
4.882038,0,0,81.29402,24,0.1549564,100,Masculino,FALSE
4.716661,4,0,81.26218,42,1.109582,31.88503,Masculino,FALSE
4.390112,2,6,62.31919,22,0.0168033,19.09937,Femenino,TRUE
4.518851,5,1,90.57461,20,0,100,Femenino,TRUE
4.518851,5,1,90.57461,20,0,100,Femenino,FALSE
4.220457,8,11,66.08735,40,1.537192,34.94452,Femenino,TRUE
4.967151,2,0,81.95506,40,0.394862,88.79643,Masculino,TRUE
4.049329,0,0,80.80043,42,0.9698055,27.38521,Femenino,TRUE
5,6,7,61.4197,43,2.304207,29.99498,Femenino,FALSE
4.535969,2,4,71.32062,27,0.8146737,24.31059,Femenino,FALSE
4.535969,2,4,71.32062,27,0.8146737,24.31059,Femenino,FALSE
4.674884,10,4,74.89074,26,0,100,Femenino,TRUE
4.674884,10,4,74.89074,26,0,100,Femenino,TRUE
4.698563,11,9,82.83797,25,0.3891021,21.32496,Masculino,TRUE
4.698563,11,9,82.83797,25,0.3891021,21.32496,Masculino,FALSE
4.400422,5,9,83.29318,26,0,100,Masculino,TRUE
4.364947,3,2,74.63516,42,0,100,Femenino,TRUE
4.364947,3,2,74.63516,42,0,100,Femenino,FALSE
4.163536,4,0,49.85477,39,1.82465,31.96799,Masculino,FALSE
4.163536,4,0,49.85477,39,1.82465,31.96799,Masculino,FALSE
3.219842,4,0,61.05646,39,1.773854,28.80197,Femenino,FALSE
4.256726,4,0,72.31615,41,1.466086,36.74244,Femenino,TRUE
4.106018,0,2,69.77023,26,2.519568,30.12164,Masculino,FALSE
4.106018,0,2,69.77023,26,2.519568,30.12164,Masculino,FALSE
4.926397,9,12,63.73056,25,0.7329803,100,Masculino,FALSE
3.423463,5,12,74.97362,41,1.438097,30.91393,Masculino,FALSE
4.209365,9,7,59.22664,42,2.33212,33.45409,Masculino,FALSE
4.655411,5,2,63.74058,28,1.717061,56.61067,Masculino,FALSE
3.060612,0,5,82.92908,41,0.4700778,38.0006,Masculino,FALSE
3.060612,0,5,82.92908,41,0.4700778,38.0006,Masculino,TRUE
4.046663,0,0,83.58855,25,0.1107496,96.519,Femenino,TRUE
4.046663,0,0,83.58855,25,0.1107496,96.519,Femenino,FALSE
4.307395,12,2,84.83012,27,0.1186236,97.75025,Femenino,TRUE
4.829026,1,0,67.79638,43,2.313678,18.24761,Masculino,FALSE
4.964096,8,11,79.67879,27,0.2604702,100,Masculino,TRUE
3.459407,0,0,68.79441,27,0.5031896,35.58895,Masculino,FALSE
3.459407,0,0,68.79441,27,0.5031896,35.58895,Masculino,FALSE
4.697278,0,0,87.31562,26,0.2277333,95.28097,Femenino,FALSE
4.697278,0,0,87.31562,26,0.2277333,95.28097,Femenino,FALSE
4.422317,9,0,72.23609,26,0.9480457,64.35007,Masculino,TRUE
5,1,9,76.79046,43,0.6315196,20.54245,Femenino,FALSE
2.987469,9,2,73.93198,28,1.353573,58.17895,Masculino,TRUE
2.987469,9,2,73.93198,28,1.353573,58.17895,Masculino,TRUE
4.020261,7,0,62.40213,22,0.3382559,100,Femenino,TRUE
4.020261,7,0,62.40213,22,0.3382559,100,Femenino,TRUE
4.900002,9,7,58.82928,28,0.562807,100,Femenino,FALSE
4.900002,9,7,58.82928,28,0.562807,100,Femenino,FALSE
4.876475,11,10,68.38826,29,2.914154,6.307329,Masculino,FALSE
4.560642,10,11,80.52543,44,2.435198,19.40228,Femenino,FALSE
4.560642,10,11,80.52543,44,2.435198,19.40228,Femenino,FALSE
3.041364,0,6,81.51139,42,0.4474875,23.21751,Masculino,TRUE
3.041364,0,6,81.51139,42,0.4474875,23.21751,Masculino,TRUE
4.912089,4,6,85.72108,44,0.9955965,24.16926,Femenino,FALSE
4.44221,0,5,59.18163,38,1.028385,23.28334,Masculino,FALSE
4.262006,6,10,85.23972,27,0.1715683,92.39645,Masculino,TRUE
4.532868,5,4,90.51512,27,0.4850624,48.1338,Masculino,FALSE
4.532868,5,4,90.51512,27,0.4850624,48.1338,Masculino,FALSE
4.507721,8,3,62.43273,39,0.5803229,95.31189,Masculino,FALSE
4.507721,8,3,62.43273,39,0.5803229,95.31189,Masculino,FALSE
4.338295,10,5,73.96021,24,0.5023146,94.63276,Femenino,FALSE
4.338295,10,5,73.96021,24,0.5023146,94.63276,Femenino,FALSE
4.163342,0,1,74.06313,23,1.437266,20.7744,Masculino,FALSE
4.577744,9,11,62.77847,40,1.876817,40.07786,Masculino,FALSE
2.969724,1,3,67.37099,22,0.7403252,97.21238,Masculino,FALSE
4.050811,1,0,83.79756,28,0.7298815,95.88038,Masculino,FALSE
4.829628,4,7,73.23074,21,0.2917045,72.18044,Femenino,FALSE
4.522258,9,7,76.15832,41,1.228328,28.72605,Femenino,FALSE
4.522258,9,7,76.15832,41,1.228328,28.72605,Femenino,FALSE
3.805184,0,1,82.59377,44,0.5577363,27.54945,Masculino,TRUE
3.805184,0,1,82.59377,44,0.5577363,27.54945,Masculino,FALSE
4.476048,6,4,77.09492,42,0.0279533,100,Masculino,TRUE
4.476048,6,4,77.09492,42,0.0279533,100,Masculino,TRUE
4.600724,9,5,64.74235,41,1.836537,41.21172,Masculino,FALSE
4.749905,6,15,60.79388,41,1.056773,25.80137,Femenino,FALSE
4.560121,10,8,84.79573,43,1.122197,20.1081,Femenino,FALSE
4.560121,10,8,84.79573,43,1.122197,20.1081,Femenino,TRUE
4.58728,2,3,68.54885,38,2.525692,16.64411,Femenino,FALSE
4.369703,0,1,64.00433,42,1.692428,41.436,Femenino,FALSE
4.706375,10,9,88.45782,27,0.236755,96.87422,Masculino,FALSE
4.706375,10,9,88.45782,27,0.236755,96.87422,Masculino,FALSE
4.239967,0,0,75.75144,40,2.32198,30.36886,Femenino,FALSE
3.633946,5,0,75.58086,27,0.4101781,23.94642,Masculino,TRUE
3.633946,5,0,75.58086,27,0.4101781,23.94642,Masculino,FALSE
2.909975,6,5,65.40748,25,1.269105,15.11815,Femenino,FALSE
2.909975,6,5,65.40748,25,1.269105,15.11815,Femenino,FALSE
4.682977,1,0,84.54484,27,0.2393883,31.085,Femenino,TRUE
4.682977,1,0,84.54484,27,0.2393883,31.085,Femenino,TRUE
4.396722,8,5,66.05042,21,1.305881,12.45243,Femenino,TRUE
4.489941,7,13,84.31954,27,0,100,Masculino,FALSE
4.489941,7,13,84.31954,27,0,100,Masculino,FALSE
3.737425,10,13,95.39861,22,0.265125,100,Femenino,FALSE
3.737425,10,13,95.39861,22,0.265125,100,Femenino,FALSE
4.734107,5,3,78.01887,41,0.4677393,26.31547,Masculino,FALSE
4.734107,5,3,78.01887,41,0.4677393,26.31547,Masculino,FALSE
4.92926,5,0,79.76332,27,0,99.55573,Masculino,TRUE
4.48312,2,0,71.64417,26,1.105705,22.59188,Femenino,FALSE
5,1,12,85.50928,28,0.3793713,96.16405,Femenino,FALSE
4.890244,5,6,80.92215,44,0.3717128,100,Femenino,FALSE
4.890244,5,6,80.92215,44,0.3717128,100,Femenino,FALSE
4.395012,11,6,84.22017,41,0.7137243,29.92252,Femenino,TRUE
4.298445,10,17,87.0237,42,1.031407,36.9952,Masculino,FALSE
4.298445,10,17,87.0237,42,1.031407,36.9952,Masculino,FALSE
4.771472,0,0,81.15052,27,0.2077521,100,Femenino,FALSE
3.948116,0,0,82.55626,21,0.5745344,80.06601,Masculino,FALSE
3.948116,0,0,82.55626,21,0.5745344,80.06601,Masculino,TRUE
4.252264,5,7,86.11984,22,0.6102433,27.04308,Masculino,FALSE
4.252264,5,7,86.11984,22,0.6102433,27.04308,Masculino,TRUE
4.029537,6,16,83.83991,25,0.0514261,98.64678,Masculino,FALSE
4.533612,1,4,62.20341,22,1.382089,23.49771,Femenino,FALSE
4.376581,0,8,81.34459,22,1.511817,30.63134,Femenino,FALSE
4.595461,3,7,72.79542,22,1.268532,18.161,Masculino,FALSE
2.820145,7,5,68.898,26,1.513763,9.064694,Femenino,FALSE
2.820145,7,5,68.898,26,1.513763,9.064694,Femenino,TRUE
4.961862,6,2,93.13704,41,0.4410452,39.05593,Masculino,FALSE
4.961862,6,2,93.13704,41,0.4410452,39.05593,Masculino,FALSE
5,7,0,81.80907,18,0.8328174,86.78976,Masculino,TRUE
5,7,0,81.80907,18,0.8328174,86.78976,Masculino,FALSE
4.497805,7,6,68.18802,26,0.2117011,95.14565,Masculino,TRUE
4.083879,7,1,96.93176,20,0.2398784,100,Femenino,FALSE
4.083879,7,1,96.93176,20,0.2398784,100,Femenino,FALSE
4.779176,6,15,58.49067,39,0.9113716,20.77085,Femenino,TRUE
4.010887,1,0,85.63488,27,1.163495,3.645671,Femenino,FALSE
4.010887,1,0,85.63488,27,1.163495,3.645671,Femenino,FALSE
4.697191,9,2,92.01748,20,0,100,Femenino,FALSE
4.507799,1,1,64.65004,21,0.6694538,94.89661,Femenino,FALSE
4.352075,8,7,80.19989,43,2.630633,35.35999,Femenino,TRUE
5,6,11,66.91476,27,1.6817,55.74619,Masculino,FALSE
5,0,0,60.36367,26,1.038947,49.81554,Masculino,FALSE
3.607736,11,7,74.89456,39,0.5874769,25.97822,Femenino,FALSE
3.607736,11,7,74.89456,39,0.5874769,25.97822,Femenino,FALSE
4.914109,1,9,65.48627,23,1.071077,30.81958,Femenino,FALSE
2.875555,10,7,80.49399,19,0.7449487,83.61582,Femenino,TRUE
2.875555,10,7,80.49399,19,0.7449487,83.61582,Femenino,FALSE
4.634357,0,4,69.60548,41,0.4015442,95.58408,Masculino,FALSE
4.645334,1,0,82.06361,26,0.2371453,100,Masculino,FALSE
4.645334,1,0,82.06361,26,0.2371453,100,Masculino,FALSE
3.965147,10,4,68.58707,41,0.8858693,26.1808,Masculino,TRUE
3.965147,10,4,68.58707,41,0.8858693,26.1808,Masculino,TRUE
4.474098,3,0,87.41116,25,0,99.15826,Masculino,FALSE
4.474098,3,0,87.41116,25,0,99.15826,Masculino,FALSE
4.79311,7,5,67.79693,22,0.7254771,100,Femenino,FALSE
4.850192,11,0,78.16559,43,2.327317,28.80413,Femenino,FALSE
4.652957,0,0,89.98,41,0.751524,33.57564,Masculino,FALSE
4.618459,6,6,84.77682,27,0.095432,95.15723,Femenino,TRUE
4.515267,1,0,56.64116,27,2.411578,22.13837,Masculino,TRUE
4.515267,1,0,56.64116,27,2.411578,22.13837,Masculino,FALSE
4.270762,11,3,89.31432,22,0.358263,98.16782,Femenino,FALSE
4.270762,11,3,89.31432,22,0.358263,98.16782,Femenino,TRUE
4.753348,11,12,63.57502,26,1.578233,26.81004,Masculino,FALSE
3.093033,0,5,80.52882,41,0.4160317,31.84612,Masculino,FALSE
3.093033,0,5,80.52882,41,0.4160317,31.84612,Masculino,TRUE
4.158871,3,10,75.67612,22,0.9212022,21.52327,Femenino,FALSE
4.158871,3,10,75.67612,22,0.9212022,21.52327,Femenino,TRUE
4.180104,4,0,83.20799,26,0,95.88502,Femenino,FALSE
4.180104,4,0,83.20799,26,0,95.88502,Femenino,FALSE
4.93358,4,8,89.70584,20,0,96.69167,Femenino,FALSE
4.066856,7,7,75.099,21,2.139855,22.37721,Masculino,FALSE
4.87095,1,10,85.50987,39,1.006365,24.67549,Masculino,FALSE
4.553127,6,4,76.93328,41,0,100,Masculino,FALSE
4.553127,6,4,76.93328,41,0,100,Masculino,FALSE
4.05444,6,3,81.19228,40,2.076303,36.54051,Femenino,TRUE
4.533915,2,8,83.07288,40,1.33573,26.74221,Femenino,TRUE
4.465472,7,4,71.14417,27,0.4214903,28.96438,Masculino,FALSE
4.935861,0,0,72.96167,37,1.848567,32.70716,Masculino,FALSE
4.259544,3,1,51.48454,41,1.842271,34.67334,Masculino,FALSE
2.987667,0,0,82.33263,27,0.359718,95.13836,Masculino,TRUE
2.987667,0,0,82.33263,27,0.359718,95.13836,Masculino,FALSE
4.974647,6,7,79.44631,24,0,94.21424,Femenino,FALSE
4.921372,4,5,86.51734,25,0.0018066,99.24383,Masculino,TRUE
4.908738,0,0,85.4599,26,0.1746369,95.93468,Masculino,FALSE
4.908738,0,0,85.4599,26,0.1746369,95.93468,Masculino,FALSE
4.799554,12,4,82.51642,24,0.4754892,17.33912,Masculino,FALSE
4.799554,12,4,82.51642,24,0.4754892,17.33912,Masculino,TRUE
4.920302,1,1,79.77168,41,1.91553,25.60588,Masculino,FALSE
4.920302,1,1,79.77168,41,1.91553,25.60588,Masculino,FALSE
4.420647,1,6,79.22396,24,0,95.34817,Femenino,TRUE
4.420647,1,6,79.22396,24,0,95.34817,Femenino,FALSE
3.569467,0,2,83.52577,41,0.5464716,33.23152,Masculino,FALSE
3.569467,0,2,83.52577,41,0.5464716,33.23152,Masculino,TRUE
3.56905,0,0,72.5141,28,0.5296878,24.18122,Masculino,TRUE
3.56905,0,0,72.5141,28,0.5296878,24.18122,Masculino,TRUE
4.812105,0,3,85.77927,41,0.9398211,26.64425,Femenino,FALSE
2.840466,4,7,72.48073,38,0.739087,23.64721,Femenino,TRUE
2.840466,4,7,72.48073,38,0.739087,23.64721,Femenino,TRUE
4.100078,6,16,84.59591,25,0.1719536,100,Masculino,TRUE
4.483506,4,8,85.91687,43,0.3603831,99.73163,Femenino,FALSE
4.483506,4,8,85.91687,43,0.3603831,99.73163,Femenino,FALSE
4.849732,11,2,82.39301,41,2.352921,28.30982,Femenino,TRUE
4.180565,5,5,79.83382,42,2.414019,38.17044,Masculino,FALSE
3.471365,0,0,68.84743,25,0.4598962,31.02202,Masculino,TRUE
3.471365,0,0,68.84743,25,0.4598962,31.02202,Masculino,FALSE
4.3873,1,7,71.26736,23,0.2197974,98.33451,Masculino,FALSE
4.334007,1,4,61.82476,22,0.2356057,100,Femenino,FALSE
4.942618,1,4,79.81245,25,0.1666918,94.45281,Masculino,TRUE
4.758906,9,16,73.6343,28,1.899009,26.93957,Masculino,FALSE
4.758906,9,16,73.6343,28,1.899009,26.93957,Masculino,FALSE
4.310145,6,9,60.46725,43,2.162889,28.24528,Masculino,FALSE
4.649273,0,0,85.58812,39,0.7621832,33.5537,Masculino,FALSE
4.566437,0,16,78.53008,25,0.1916298,98.61336,Femenino,FALSE
4.384152,7,9,70.00119,28,0.6091126,19.78601,Masculino,FALSE
4.384152,7,9,70.00119,28,0.6091126,19.78601,Masculino,FALSE
4.132603,0,3,66.61913,40,2.125818,29.57731,Femenino,TRUE
4.132603,0,3,66.61913,40,2.125818,29.57731,Femenino,FALSE
4.144704,7,3,65.06039,42,3.103073,4.547235,Masculino,TRUE
4.144704,7,3,65.06039,42,3.103073,4.547235,Masculino,FALSE
5,0,2,73.47842,23,0.3551657,100,Masculino,FALSE
3.968752,1,0,86.16838,28,1.07716,9.309574,Femenino,TRUE
3.968752,1,0,86.16838,28,1.07716,9.309574,Femenino,TRUE
4.164355,10,1,81.62527,40,0.4730718,29.48824,Femenino,FALSE
4.826316,7,3,86.70313,40,0.8865122,40.10305,Femenino,FALSE
4.455238,4,7,82.46267,41,0,91.66184,Femenino,TRUE
4.884496,5,4,56.80732,22,0.6265769,96.01218,Masculino,FALSE
4.884496,5,4,56.80732,22,0.6265769,96.01218,Masculino,FALSE
4.312367,0,5,73.43437,41,0.2872221,100,Masculino,FALSE
4.312367,0,5,73.43437,41,0.2872221,100,Masculino,TRUE
4.148023,9,9,63.23879,44,2.127219,39.09695,Femenino,FALSE
4.148023,9,9,63.23879,44,2.127219,39.09695,Femenino,TRUE
3.045575,11,7,75.22248,24,0.6875579,27.14999,Femenino,TRUE
3.045575,11,7,75.22248,24,0.6875579,27.14999,Femenino,TRUE
4.21844,5,4,73.84712,40,2.550987,18.66929,Masculino,FALSE
4.853145,10,1,69.62701,40,0.7845008,24.48474,Femenino,FALSE
4.676364,2,4,88.03083,40,0.5119129,26.02595,Masculino,TRUE
4.676364,2,4,88.03083,40,0.5119129,26.02595,Masculino,FALSE
4.687633,6,4,65.34773,24,0.5825956,100,Masculino,FALSE
4.440228,5,1,84.65367,28,0.0834572,100,Masculino,TRUE
4.960897,0,14,86.72202,27,0.1846415,98.16537,Masculino,FALSE
3.350461,4,11,85.98943,27,1.320347,9.677752,Masculino,FALSE
3.350461,4,11,85.98943,27,1.320347,9.677752,Masculino,TRUE
5,11,16,79.68539,38,0.3204206,34.3621,Masculino,FALSE
4.943604,0,11,86.1502,29,0.2602579,100,Femenino,FALSE
4.943604,0,11,86.1502,29,0.2602579,100,Femenino,FALSE
5,7,1,57.67796,28,1.005157,13.39633,Femenino,FALSE
5,7,1,57.67796,28,1.005157,13.39633,Femenino,FALSE
4.707349,6,1,73.44864,23,1.203798,26.89552,Masculino,FALSE
4.707349,6,1,73.44864,23,1.203798,26.89552,Masculino,TRUE
4.202621,4,0,62.94249,26,1.468054,25.64616,Masculino,FALSE
4.541238,10,2,62.99428,25,2.230345,11.55573,Femenino,FALSE
4.558008,0,3,78.29375,26,0.5721299,10.61748,Masculino,FALSE
4.106547,6,3,61.32851,42,3.200019,10.48772,Masculino,FALSE
4.216361,2,3,76.80989,27,0.434527,32.89622,Femenino,FALSE
4.830873,6,13,83.73025,42,0.9340367,27.50917,Masculino,FALSE
4.830873,6,13,83.73025,42,0.9340367,27.50917,Masculino,FALSE
4.837701,6,1,64.29018,23,0.4354467,100,Masculino,FALSE
4.837701,6,1,64.29018,23,0.4354467,100,Masculino,FALSE
4.065331,0,0,82.64918,22,0.5100454,89.14684,Masculino,TRUE
4.726448,3,1,88.37567,22,0.1350431,100,Masculino,FALSE
3.935913,6,15,85.49674,25,0,100,Masculino,FALSE
3.935913,6,15,85.49674,25,0,100,Masculino,TRUE
4.987489,3,0,72.6881,26,1.259266,57.9049,Masculino,FALSE
4.853497,6,4,74.17441,28,0.2266406,17.41858,Femenino,TRUE
4.853497,6,4,74.17441,28,0.2266406,17.41858,Femenino,FALSE
4.628081,0,3,72.51895,40,0.2996884,94.92097,Masculino,FALSE
4.16999,1,3,82.6643,40,0.0455236,98.05161,Masculino,TRUE
3.005459,0,0,81.6114,26,0.343021,95.89503,Masculino,TRUE
4.866841,8,12,74.21036,43,0.0010152,100,Femenino,TRUE
3.694183,10,12,93.74723,21,0.2322878,91.82386,Femenino,TRUE
3.694183,10,12,93.74723,21,0.2322878,91.82386,Femenino,TRUE
4.831217,4,4,73.19298,23,0,96.84924,Masculino,FALSE
4.214021,9,9,63.31825,23,0.2055157,100,Femenino,TRUE
4.452698,3,3,83.41306,27,0.7746873,100,Masculino,TRUE
2.85903,4,9,69.02689,40,0.7771336,23.5154,Femenino,TRUE
4.691869,2,6,71.69033,27,1.127715,52.56767,Masculino,FALSE
4.249937,2,10,65.9426,41,0.9655426,19.54453,Femenino,FALSE
4.882829,0,11,81.53014,41,0,100,Femenino,FALSE
4.882829,0,11,81.53014,41,0,100,Femenino,FALSE
4.759146,7,9,84.02701,40,1.070031,24.51061,Masculino,FALSE
4.041028,0,3,85.87956,25,0,96.92595,Masculino,FALSE
4.041028,0,3,85.87956,25,0,96.92595,Masculino,FALSE
2.860609,0,0,82.78316,28,0.2479254,98.18928,Masculino,TRUE
2.860609,0,0,82.78316,28,0.2479254,98.18928,Masculino,TRUE
4.59536,1,1,82.46188,41,0.5021254,21.21808,Femenino,TRUE
4.59536,1,1,82.46188,41,0.5021254,21.21808,Femenino,FALSE
4.430717,12,8,76.24348,40,0.1412305,98.34896,Masculino,FALSE
4.430717,12,8,76.24348,40,0.1412305,98.34896,Masculino,TRUE
4.907513,9,4,60.74374,24,0.231853,100,Masculino,FALSE
4.907513,9,4,60.74374,24,0.231853,100,Masculino,FALSE
4.020627,1,0,64.10796,26,0.9033435,17.09731,Masculino,FALSE
4.227892,0,0,69.72063,24,0.1342223,100,Femenino,FALSE
4.227892,0,0,69.72063,24,0.1342223,100,Femenino,TRUE
4.717894,2,6,87.44955,28,0.1212548,100,Masculino,FALSE
4.595091,0,10,79.38423,27,0.3580924,32.11506,Femenino,FALSE
4.584772,3,3,70.12511,39,2.618931,14.99017,Femenino,TRUE
4.810289,10,5,68.50511,24,0.3107363,98.0362,Masculino,FALSE
4.180978,1,5,82.59756,25,0.0814091,100,Femenino,FALSE
4.180978,1,5,82.59756,25,0.0814091,100,Femenino,TRUE
3.029546,0,5,81.98818,42,0.1993378,30.28382,Masculino,FALSE
3.029546,0,5,81.98818,42,0.1993378,30.28382,Masculino,TRUE
4.20224,4,4,77.72863,40,0.4704391,32.7041,Femenino,TRUE
4.20224,4,4,77.72863,40,0.4704391,32.7041,Femenino,FALSE
4.911164,3,0,75.32931,40,2.423076,7.283846,Femenino,FALSE
3.351756,10,8,66.12778,29,1.328014,67.83485,Masculino,FALSE
3.351756,10,8,66.12778,29,1.328014,67.83485,Masculino,TRUE
4.96422,6,14,83.20506,42,0,94.23129,Masculino,TRUE
4.306521,7,4,83.07281,26,0.3982059,34.12592,Femenino,FALSE
4.306521,7,4,83.07281,26,0.3982059,34.12592,Femenino,TRUE
4.2994,9,2,80.61161,26,0.1722076,100,Femenino,TRUE
4.614476,7,4,90.69284,39,0.5565693,40.49047,Femenino,TRUE
4.614476,7,4,90.69284,39,0.5565693,40.49047,Femenino,FALSE
4.236363,3,0,67.1672,40,0.3231525,100,Femenino,TRUE
4.236363,3,0,67.1672,40,0.3231525,100,Femenino,TRUE
4.791813,3,0,73.83383,28,0.5691803,14.69885,Masculino,TRUE
4.911978,0,13,87.22764,40,1.019191,31.35762,Masculino,FALSE
4.911978,0,13,87.22764,40,1.019191,31.35762,Masculino,FALSE
4.688461,6,6,81.26678,26,0.0159694,100,Masculino,TRUE
4.688461,6,6,81.26678,26,0.0159694,100,Masculino,FALSE
5,7,4,78.60365,26,1.051075,40.75348,Femenino,FALSE
3.255254,3,1,65.69707,42,1.957147,35.50203,Femenino,TRUE
4.72823,9,5,57.77537,24,1.25942,20.87625,Femenino,FALSE
4.72823,9,5,57.77537,24,1.25942,20.87625,Femenino,FALSE
4.648405,1,3,78.56882,21,1.233976,26.48873,Masculino,TRUE
4.467387,7,4,88.47822,39,0.5204938,42.46523,Femenino,FALSE
3.100397,0,6,79.18975,42,0.4692211,33.60782,Masculino,FALSE
3.100397,0,6,79.18975,42,0.4692211,33.60782,Masculino,TRUE
4.161065,5,8,78.94935,40,0.3563889,32.38644,Masculino,FALSE
3.877181,0,0,86.24485,27,0.026663,94.99079,Femenino,TRUE
3.877181,0,0,86.24485,27,0.026663,94.99079,Femenino,TRUE
4.244967,10,8,74.54744,23,2.932889,16.69911,Masculino,FALSE
4.653289,6,12,75.9045,40,0,97.02987,Femenino,FALSE
4.90754,9,16,73.55724,28,1.788496,29.14461,Masculino,FALSE
4.90754,9,16,73.55724,28,1.788496,29.14461,Masculino,FALSE
4.536291,6,0,85.92434,26,0,100,Femenino,FALSE
3.956721,1,0,70.03809,23,0.3049373,100,Femenino,FALSE
3.956721,1,0,70.03809,23,0.3049373,100,Femenino,FALSE
4.550714,6,17,85.62518,27,0,100,Femenino,FALSE
4.429795,9,4,65.01262,26,1.382121,54.76783,Masculino,FALSE
2.880802,0,0,82.13008,28,0.3930292,100,Masculino,FALSE
2.880802,0,0,82.13008,28,0.3930292,100,Masculino,TRUE
2.874728,5,8,68.79579,41,0.9696392,31.85872,Femenino,TRUE
2.874728,5,8,68.79579,41,0.9696392,31.85872,Femenino,FALSE
4.842308,10,0,85.59412,42,0.9733509,31.39311,Femenino,FALSE
4.842308,10,0,85.59412,42,0.9733509,31.39311,Femenino,TRUE
4.846774,1,0,73.22517,28,1.357839,59.86335,Masculino,FALSE
4.667756,11,1,84.83272,26,0.0608782,100,Femenino,FALSE
4.667756,11,1,84.83272,26,0.0608782,100,Femenino,FALSE
4.712737,0,2,75.51806,22,2.578919,22.16396,Masculino,FALSE
4.712737,0,2,75.51806,22,2.578919,22.16396,Masculino,FALSE
4.88313,0,12,79.20296,39,0,98.68983,Femenino,FALSE
4.650168,8,0,91.80011,19,0.1599745,97.92656,Femenino,TRUE
4.167964,1,0,87.72414,28,0.2559207,99.87894,Masculino,FALSE
4.10524,7,4,65.30689,39,1.734631,28.22525,Femenino,TRUE
4.10524,7,4,65.30689,39,1.734631,28.22525,Femenino,FALSE
4.601589,7,2,71.79431,42,2.321373,34.69307,Masculino,FALSE
4.601589,7,2,71.79431,42,2.321373,34.69307,Masculino,FALSE
4.295443,2,9,64.19936,42,1.111051,25.68172,Femenino,FALSE
4.720109,0,0,84.95479,26,0.0559085,100,Femenino,FALSE
3.199615,8,10,59.73206,44,0.0245319,100,Masculino,TRUE
3.199615,8,10,59.73206,44,0.0245319,100,Masculino,FALSE
3.472112,10,5,78.36008,22,0,93.8147,Femenino,FALSE
4.154172,0,0,80.10279,42,1.780189,20.40611,Femenino,TRUE
4.154172,0,0,80.10279,42,1.780189,20.40611,Femenino,FALSE
4.797899,2,1,78.25522,22,0,100,Masculino,FALSE
4.797899,2,1,78.25522,22,0,100,Masculino,FALSE
4.820751,2,0,70.76353,42,1.881078,38.02463,Masculino,FALSE
4.221067,4,12,82.28452,28,0.1181512,100,Femenino,FALSE
4.886575,0,12,79.66791,40,0.0053792,100,Femenino,FALSE
4.760041,0,0,84.52448,27,0,100,Femenino,TRUE
4.703896,0,15,81.16739,23,0.2007737,99.1554,Femenino,FALSE
4.059258,0,0,83.03444,20,0.5115673,77.53243,Masculino,TRUE
4.404582,0,6,60.57383,40,0.9038274,25.32764,Masculino,FALSE
4.655605,0,6,68.66285,25,0.0408587,100,Masculino,FALSE
2.837567,9,7,78.86423,25,0.5046699,24.52013,Femenino,TRUE
2.837567,9,7,78.86423,25,0.5046699,24.52013,Femenino,TRUE
4.821886,6,5,85.87853,39,1.059966,23.76306,Femenino,FALSE
4.802875,1,0,80.93667,21,1.80704,62.57694,Masculino,FALSE
3.829323,5,2,59.71327,24,0.4698999,99.09216,Masculino,FALSE
3.829323,5,2,59.71327,24,0.4698999,99.09216,Masculino,TRUE
4.82707,5,13,86.79502,41,0.8799353,23.53105,Femenino,FALSE
4.82707,5,13,86.79502,41,0.8799353,23.53105,Femenino,TRUE
3.387475,0,1,68.03121,41,2.240927,35.93092,Femenino,FALSE
3.387475,0,1,68.03121,41,2.240927,35.93092,Femenino,FALSE
4.104735,3,4,66.13367,27,1.11954,12.56306,Masculino,FALSE
4.936638,9,2,85.21942,25,0,100,Masculino,FALSE
4.936255,1,3,82.20168,26,0.8454167,9.372758,Femenino,FALSE
4.823664,0,0,85.22352,40,0.7937296,36.95747,Masculino,FALSE
4.823664,0,0,85.22352,40,0.7937296,36.95747,Masculino,FALSE
4.578397,1,6,87.99726,26,0.0581153,100,Masculino,FALSE
4.039823,4,7,59.99218,39,1.092302,30.19662,Femenino,FALSE
3.320258,11,6,78.41109,22,0,96.74569,Femenino,TRUE
3.320258,11,6,78.41109,22,0,96.74569,Femenino,TRUE
2.998484,9,6,86.03069,26,0.0808854,100,Femenino,TRUE
2.998484,9,6,86.03069,26,0.0808854,100,Femenino,TRUE
4.815664,10,17,72.86844,28,1.552894,61.68784,Masculino,FALSE
4.216074,6,2,78.94789,26,0.125498,97.00755,Femenino,TRUE
4.69318,0,0,86.78645,41,0.8150714,49.11842,Masculino,FALSE
2.759833,10,7,82.50862,19,0.4840507,72.88078,Femenino,TRUE
2.759833,10,7,82.50862,19,0.4840507,72.88078,Femenino,TRUE
4.850071,1,3,85.15301,25,0.0828962,95.58389,Masculino,FALSE
4.850071,1,3,85.15301,25,0.0828962,95.58389,Masculino,FALSE
4.928955,4,7,83.10986,41,0.1543095,96.62861,Femenino,FALSE
4.928955,4,7,83.10986,41,0.1543095,96.62861,Femenino,FALSE
4.862411,6,3,65.2444,39,0.113005,91.10464,Masculino,FALSE
4.016242,5,1,67.85724,41,0.5436429,18.4538,Femenino,FALSE
4.016242,5,1,67.85724,41,0.5436429,18.4538,Femenino,FALSE
4.985332,3,2,70.37287,26,0.9705153,61.2448,Masculino,FALSE
4.985332,3,2,70.37287,26,0.9705153,61.2448,Masculino,FALSE
4.83634,7,7,85.65474,26,1.182292,6.707615,Masculino,FALSE
4.131042,6,0,63.55943,41,0.6408728,25.90141,Masculino,TRUE
4.27141,0,0,80.21525,43,2.126369,33.36037,Masculino,FALSE
4.240178,7,2,77.83308,42,2.704317,14.94712,Masculino,TRUE
4.240178,7,2,77.83308,42,2.704317,14.94712,Masculino,FALSE
4.307366,6,8,75.60295,27,0.3003769,26.06104,Masculino,FALSE
4.307366,6,8,75.60295,27,0.3003769,26.06104,Masculino,FALSE
4.947615,3,0,81.08515,41,0.1639795,100,Masculino,FALSE
4.931873,6,14,83.93299,39,0,97.04504,Masculino,FALSE
4.931873,6,14,83.93299,39,0,97.04504,Masculino,FALSE
4.197326,10,11,61.98515,27,0.466596,30.84918,Masculino,FALSE
4.708719,9,4,66.42574,41,2.364821,28.80333,Masculino,FALSE
4.708719,9,4,66.42574,41,2.364821,28.80333,Masculino,FALSE
4.227423,0,0,78.95885,21,0.0003263,100,Femenino,TRUE
4.227423,0,0,78.95885,21,0.0003263,100,Femenino,TRUE
4.509801,5,3,91.86308,28,0.5505443,39.27505,Masculino,TRUE
4.509801,5,3,91.86308,28,0.5505443,39.27505,Masculino,FALSE
4.441224,9,16,67.17702,41,2.210799,32.30614,Masculino,FALSE
4.239192,6,6,73.88782,25,1.396416,59.49369,Femenino,FALSE
4.835633,11,1,79.81327,42,2.201983,27.79439,Femenino,FALSE
4.27348,8,6,84.23515,23,0.5643098,25.11148,Masculino,TRUE
5,1,0,71.81738,41,0.5161453,33.42303,Femenino,TRUE
4.874904,2,0,80.22216,27,1.38921,9.413019,Femenino,FALSE
4.874904,2,0,80.22216,27,1.38921,9.413019,Femenino,FALSE
4.460075,10,15,78.50903,24,0,100,Masculino,FALSE
4.947749,0,0,76.10122,27,0.6149365,62.88105,Masculino,FALSE
4.947749,0,0,76.10122,27,0.6149365,62.88105,Masculino,FALSE
4.05976,3,0,67.33072,26,0.79114,96.38983,Femenino,FALSE
4.6745,9,10,76.85752,24,0.0938622,27.80513,Femenino,FALSE
4.792295,0,0,77.89133,27,0.0262471,100,Femenino,FALSE
4.865533,7,8,75.74981,28,0.9333438,68.17257,Masculino,FALSE
4.865533,7,8,75.74981,28,0.9333438,68.17257,Masculino,FALSE
4.379654,1,0,62.35366,26,0.1084384,100,Femenino,TRUE
4.379654,1,0,62.35366,26,0.1084384,100,Femenino,FALSE
4.907966,6,3,63.20929,24,0.4431061,99.06905,Masculino,TRUE
4.883921,9,9,82.6338,40,0,100,Masculino,FALSE
4.533251,12,12,82.45892,25,0.3869833,26.9456,Femenino,TRUE
4.798563,8,3,86.56656,40,0.879245,26.84921,Femenino,FALSE
4.798563,8,3,86.56656,40,0.879245,26.84921,Femenino,FALSE
4.587617,0,0,67.61086,42,2.161618,19.49091,Masculino,FALSE
4.587617,0,0,67.61086,42,2.161618,19.49091,Masculino,FALSE
4.172625,11,9,59.40627,28,0.4533349,15.99397,Femenino,FALSE
4.186015,0,0,84.74379,27,1.245022,8.410066,Masculino,FALSE
4.322499,8,11,78.14999,39,2.115555,31.44846,Femenino,FALSE
4.948755,0,12,82.39794,41,0.0951298,100,Femenino,FALSE
4.135826,0,2,72.94978,26,0.4822048,23.03926,Femenino,FALSE
4.084828,11,9,87.39663,29,1.817849,4.720952,Femenino,FALSE
4.084828,11,9,87.39663,29,1.817849,4.720952,Femenino,FALSE
2.916442,0,0,83.08468,27,0.3770134,96.67918,Masculino,TRUE
2.916442,0,0,83.08468,27,0.3770134,96.67918,Masculino,TRUE
4.600242,2,1,82.19784,41,0.6100948,22.3392,Femenino,TRUE
4.600242,2,1,82.19784,41,0.6100948,22.3392,Femenino,FALSE
4.275414,5,4,91.01972,26,0.5526986,79.12654,Femenino,TRUE
4.701,0,0,89.24191,27,0.3590334,52.50189,Masculino,FALSE
4.629045,3,2,77.9694,23,0,93.4658,Masculino,FALSE
4.629045,3,2,77.9694,23,0,93.4658,Masculino,TRUE
4.940615,10,11,65.06664,22,0.1300237,8.303528,Femenino,FALSE
4.940615,10,11,65.06664,22,0.1300237,8.303528,Femenino,FALSE
4.635581,1,1,74.24435,40,1.950406,28.59835,Masculino,FALSE
5,9,1,74.51109,41,0.2501207,100,Femenino,FALSE
4.622026,8,3,59.35318,23,1.338755,16.77139,Femenino,TRUE
4.622026,8,3,59.35318,23,1.338755,16.77139,Femenino,FALSE
4.313203,7,2,68.82404,42,1.384705,30.81408,Masculino,FALSE
4.520272,0,3,78.91077,26,0.3671427,17.14268,Masculino,FALSE
4.644274,2,0,84.53657,27,0.6574374,30.07877,Femenino,FALSE
4.644274,2,0,84.53657,27,0.6574374,30.07877,Femenino,FALSE
4.205199,2,9,80.5517,41,1.964879,20.99178,Masculino,FALSE
4.324049,7,2,71.76283,41,1.667758,39.67886,Masculino,TRUE
4.898582,0,12,79.49127,25,0.4046889,15.50534,Masculino,FALSE
4.494586,8,2,65.94946,23,0.7768272,91.88892,Femenino,FALSE
4.930009,12,14,80.70161,40,0.4267236,33.56356,Masculino,FALSE
4.155589,0,1,75.13153,26,0.328158,27.86887,Femenino,TRUE
4.789822,0,8,69.80385,23,0.7201419,28.06577,Masculino,FALSE
2.959484,9,2,74.10664,28,1.207673,66.49244,Masculino,TRUE
2.959484,9,2,74.10664,28,1.207673,66.49244,Masculino,TRUE
4.356977,4,2,60.31385,27,0.1711639,97.25092,Masculino,FALSE
4.800046,0,2,85.95353,26,0.0506714,95.75249,Masculino,FALSE
4.934868,0,0,71.76505,38,1.603116,32.22082,Masculino,FALSE
5,1,2,85.72159,25,1.181009,6.297356,Femenino,FALSE
5,1,2,85.72159,25,1.181009,6.297356,Femenino,FALSE
4.502237,6,1,84.98483,25,0.1542977,100,Femenino,FALSE
4.502237,6,1,84.98483,25,0.1542977,100,Femenino,TRUE
4.793871,0,0,78.11722,39,2.399199,40.78773,Masculino,FALSE
4.793871,0,0,78.11722,39,2.399199,40.78773,Masculino,TRUE
4.099656,5,4,66.58376,25,1.23889,14.57193,Masculino,TRUE
4.868977,9,8,80.55696,39,0.2644705,21.48199,Masculino,FALSE
4.868977,9,8,80.55696,39,0.2644705,21.48199,Masculino,TRUE
4.416066,2,3,68.19692,29,1.552937,59.49808,Masculino,FALSE
4.546706,0,17,77.756,24,0.0009797,100,Femenino,FALSE
4.676623,0,0,69.01994,41,2.426393,23.35516,Masculino,FALSE
4.676623,0,0,69.01994,41,2.426393,23.35516,Masculino,FALSE
4.246127,8,6,72.34867,25,0.5860383,97.47191,Masculino,FALSE
4.246127,8,6,72.34867,25,0.5860383,97.47191,Masculino,FALSE
4.13143,0,1,74.15261,24,1.445073,19.1365,Masculino,FALSE
4.081193,8,0,79.57703,27,1.592914,15.29953,Femenino,TRUE
4.802226,4,5,69.77728,26,1.756674,3.835872,Masculino,FALSE
4.802226,4,5,69.77728,26,1.756674,3.835872,Masculino,FALSE
4.7035,4,13,79.60337,26,2.801102,26.27521,Masculino,FALSE
4.7035,4,13,79.60337,26,2.801102,26.27521,Masculino,FALSE
4.115034,5,13,75.53893,28,0.8691564,62.33625,Femenino,FALSE
4.115034,5,13,75.53893,28,0.8691564,62.33625,Femenino,FALSE
4.821856,7,6,73.47102,41,0.5474313,98.66673,Femenino,FALSE
4.968029,5,7,62.15337,42,2.104052,43.77617,Femenino,FALSE
4.902997,2,2,75.0517,27,0.5887912,40.6207,Femenino,FALSE
4.902997,2,2,75.0517,27,0.5887912,40.6207,Femenino,FALSE
3.780782,10,12,97.35741,19,0.1820601,94.98852,Femenino,TRUE
4.853359,6,8,81.58316,27,0,97.41722,Masculino,TRUE
4.853359,6,8,81.58316,27,0,97.41722,Masculino,FALSE
4.229049,1,0,83.49203,39,0,98.6198,Femenino,FALSE
4.229049,1,0,83.49203,39,0,98.6198,Femenino,TRUE
4.640372,8,6,87.42128,26,0,100,Femenino,FALSE
4.640372,8,6,87.42128,26,0,100,Femenino,TRUE
4.735043,0,6,76.38929,44,0.1425516,97.90173,Masculino,FALSE
4.735043,0,6,76.38929,44,0.1425516,97.90173,Masculino,FALSE
4.837467,0,11,86.80006,40,0.9254118,38.63284,Masculino,FALSE
4.659765,2,4,86.9929,23,0.7640943,18.86369,Femenino,TRUE
4.250641,8,11,76.18297,41,0.1460194,99.60815,Femenino,FALSE
3.098158,7,10,61.22429,43,0.0589942,100,Masculino,TRUE
3.098158,7,10,61.22429,43,0.0589942,100,Masculino,TRUE
4.355071,4,2,65.9666,23,0.7320033,100,Masculino,FALSE
4.596586,4,1,77.22578,23,1.675457,21.53146,Masculino,FALSE
3.894712,1,0,92.23956,41,0.4078853,45.08978,Femenino,TRUE
4.833624,9,2,77.49917,27,0.5842574,92.31284,Femenino,FALSE
4.9627,1,0,70.46407,40,0.5194401,27.1717,Femenino,FALSE
4.9627,1,0,70.46407,40,0.5194401,27.1717,Femenino,FALSE
3.352798,0,1,68.78584,37,2.333158,27.09735,Femenino,TRUE
4.844249,0,12,88.18793,39,1.131532,25.71195,Masculino,FALSE
3.356783,2,0,73.72411,42,0.0728685,95.73833,Masculino,FALSE
3.356783,2,0,73.72411,42,0.0728685,95.73833,Masculino,TRUE
4.428604,10,5,83.10467,22,0.5188587,9.840705,Masculino,TRUE
3.035717,8,10,62.72568,42,0,91.43349,Masculino,FALSE
3.035717,8,10,62.72568,42,0,91.43349,Masculino,TRUE
4.760079,7,2,74.43398,25,0.6098517,100,Femenino,TRUE
4.063432,0,0,81.46307,19,0.7986737,76.24781,Masculino,FALSE
4.063432,0,0,81.46307,19,0.7986737,76.24781,Masculino,FALSE
4.987597,1,9,76.55783,38,0.4238507,94.7429,Masculino,FALSE
2.914458,0,0,81.34158,26,0.3529252,96.2211,Masculino,TRUE
2.914458,0,0,81.34158,26,0.3529252,96.2211,Masculino,TRUE
4.953292,10,12,84.53434,39,0.344348,28.72031,Femenino,FALSE
4.953292,10,12,84.53434,39,0.344348,28.72031,Femenino,TRUE
4.551953,9,2,65.66625,25,0.6044531,100,Femenino,FALSE
4.435247,12,5,84.51019,22,0,100,Femenino,TRUE
2.94283,7,4,66.83556,26,1.37077,6.298061,Femenino,TRUE
2.94283,7,4,66.83556,26,1.37077,6.298061,Femenino,TRUE
4.899689,0,13,85.71696,25,0.0880507,100,Masculino,FALSE
4.899689,0,13,85.71696,25,0.0880507,100,Masculino,TRUE
4.042523,0,0,86.80613,28,0.0700592,100,Femenino,TRUE
4.152309,0,4,72.0704,23,0.1724811,100,Masculino,FALSE
4.27805,8,3,83.92742,25,0.0594911,98.78073,Masculino,TRUE
4.27805,8,3,83.92742,25,0.0594911,98.78073,Masculino,FALSE
5,0,12,80.31019,41,0.154964,100,Femenino,FALSE
5,0,12,80.31019,41,0.154964,100,Femenino,FALSE
4.967783,2,9,82.29007,42,1.640352,38.7244,Masculino,FALSE
4.913791,1,3,86.34986,41,1.113077,21.01337,Femenino,FALSE
4.839386,2,3,88.67425,43,1.1915,29.96372,Femenino,FALSE
4.839386,2,3,88.67425,43,1.1915,29.96372,Femenino,FALSE
4.243364,1,8,67.30824,29,0.3681443,100,Masculino,TRUE
4.203521,2,9,83.10749,41,2.029006,8.584871,Masculino,FALSE
4.309282,11,8,55.80503,26,0.6302808,24.13167,Femenino,FALSE
4.309282,11,8,55.80503,26,0.6302808,24.13167,Femenino,TRUE
4.314867,0,0,64.52267,28,0.6172891,21.43742,Femenino,FALSE
4.746387,7,4,79.65874,26,0.2767524,100,Masculino,FALSE
3.66288,0,0,79.82244,27,1.44348,62.00878,Masculino,FALSE
3.66288,0,0,79.82244,27,1.44348,62.00878,Masculino,TRUE
4.7369,7,2,67.713,37,2.345163,39.56557,Masculino,FALSE
4.438401,11,11,83.32434,25,0.5667687,28.10783,Femenino,FALSE
4.776824,6,16,60.46737,39,0.8634461,21.33517,Femenino,FALSE
4.776824,6,16,60.46737,39,0.8634461,21.33517,Femenino,FALSE
4.743534,10,8,78.75483,26,1.547829,62.6733,Femenino,TRUE
2.948664,3,8,68.59572,39,0.9119065,23.10301,Femenino,FALSE
4.825666,1,3,66.71258,26,0,100,Masculino,FALSE
4.551214,6,13,75.03452,40,0,99.36372,Femenino,FALSE
4.416441,6,7,74.31071,27,2.117491,30.79654,Masculino,TRUE
4.416441,6,7,74.31071,27,2.117491,30.79654,Masculino,FALSE
2.880643,10,1,72.7924,27,1.306027,64.28695,Masculino,TRUE
2.880643,10,1,72.7924,27,1.306027,64.28695,Masculino,TRUE
5,0,4,89.07202,21,0.0754715,98.7444,Femenino,TRUE
5,0,4,89.07202,21,0.0754715,98.7444,Femenino,FALSE
4.98968,4,11,86.74121,26,0.0772982,100,Masculino,FALSE
4.98968,4,11,86.74121,26,0.0772982,100,Masculino,FALSE
4.97305,6,9,80.52345,27,1.622112,19.84496,Femenino,FALSE
4.616897,8,3,69.29451,44,2.556789,38.81158,Masculino,TRUE
4.898989,6,1,54.41782,30,0.9086974,21.58416,Femenino,FALSE
4.640046,6,14,76.09908,42,0,89.80859,Femenino,FALSE
5,7,12,86.46295,28,0.1471328,88.00011,Femenino,FALSE
4.929224,8,1,51.70866,43,1.535458,43.38398,Masculino,FALSE
4.459342,9,1,62.11937,25,2.155638,11.33858,Femenino,TRUE
4.325625,9,16,87.85075,42,1.108498,24.2724,Masculino,TRUE
4.325625,9,16,87.85075,42,1.108498,24.2724,Masculino,FALSE
4.137843,5,15,66.25426,44,1.78099,33.11265,Femenino,FALSE
4.137843,5,15,66.25426,44,1.78099,33.11265,Femenino,FALSE
4.23527,2,9,81.57165,40,1.722337,13.42254,Masculino,TRUE
4.23527,2,9,81.57165,40,1.722337,13.42254,Masculino,FALSE
4.737376,5,14,79.91554,27,2.922682,24.41919,Masculino,FALSE
4.737376,5,14,79.91554,27,2.922682,24.41919,Masculino,FALSE
4.170051,4,3,92.79139,26,0.7275802,73.54847,Masculino,FALSE
4.51818,0,0,66.56531,41,0.943126,21.89406,Femenino,FALSE
4.313533,6,9,83.15835,41,0.1152124,100,Masculino,TRUE
4.313533,6,9,83.15835,41,0.1152124,100,Masculino,TRUE
4.554832,0,0,60.44875,28,2.346269,24.45373,Masculino,FALSE
4.194885,6,0,84.23771,38,0.4550362,28.41693,Femenino,TRUE
4.371608,9,5,64.57627,41,1.674978,27.16945,Masculino,FALSE
4.947983,9,1,51.73761,40,1.372772,48.24804,Masculino,TRUE
4.898034,0,13,78.90648,40,0.0900222,100,Femenino,FALSE
4.898034,0,13,78.90648,40,0.0900222,100,Femenino,FALSE
4.851805,0,11,86.61903,41,0.8970619,23.83393,Masculino,FALSE
4.843967,4,2,69.72297,29,0.889221,58.84595,Masculino,FALSE
2.953474,8,6,61.12205,22,0.6739978,95.64896,Masculino,TRUE
2.953474,8,6,61.12205,22,0.6739978,95.64896,Masculino,FALSE
3.461248,3,0,71.82542,42,0.037643,99.36924,Masculino,TRUE
3.461248,3,0,71.82542,42,0.037643,99.36924,Masculino,FALSE
4.200321,5,3,88.58409,26,0.607976,88.79022,Femenino,FALSE
4.2998,1,0,63.95237,27,0.6237038,30.67568,Femenino,FALSE
4.2998,1,0,63.95237,27,0.6237038,30.67568,Femenino,FALSE
2.823486,4,8,70.47227,42,0.7999051,25.78104,Femenino,FALSE
2.823486,4,8,70.47227,42,0.7999051,25.78104,Femenino,TRUE
4.265715,0,1,68.27882,23,1.634359,20.75467,Masculino,FALSE
4.49332,1,0,75.7743,40,2.595319,32.02777,Femenino,TRUE
4.49332,1,0,75.7743,40,2.595319,32.02777,Femenino,FALSE
4.761077,10,11,88.59071,42,1.073547,23.52801,Femenino,FALSE
4.761077,10,11,88.59071,42,1.073547,23.52801,Femenino,FALSE
4.695698,0,0,91.9296,29,0.4118817,50.94038,Masculino,TRUE
4.518394,3,0,85.24567,26,0.1051466,98.17984,Masculino,FALSE
4.788434,4,6,66.701,40,0.2265177,98.81828,Masculino,TRUE
4.890549,9,9,65.07833,42,0.8784203,27.1325,Masculino,FALSE
4.603382,4,14,87.63414,25,0.9742436,19.21566,Masculino,FALSE
4.941879,4,5,87.13127,28,0.0986535,99.51028,Masculino,FALSE
4.941879,4,5,87.13127,28,0.0986535,99.51028,Masculino,TRUE
4.67274,5,4,75.07221,27,0.575829,16.87102,Femenino,FALSE
4.771699,4,2,73.40559,27,0.0170016,98.33801,Masculino,FALSE
4.771699,4,2,73.40559,27,0.0170016,98.33801,Masculino,FALSE
2.926483,10,7,75.45715,23,0.5964363,30.83582,Femenino,TRUE
2.926483,10,7,75.45715,23,0.5964363,30.83582,Femenino,FALSE
4.86138,9,1,52.54078,41,1.368987,45.7383,Masculino,FALSE
4.661338,1,3,63.56758,22,0.3088964,100,Masculino,FALSE
4.950818,9,11,86.19154,39,0.3494248,26.19978,Femenino,FALSE
4.950818,9,11,86.19154,39,0.3494248,26.19978,Femenino,FALSE
4.508999,5,4,88.77341,29,0.5071416,40.93798,Masculino,FALSE
3.948105,1,0,85.48263,26,1.215643,13.83721,Femenino,TRUE
3.948105,1,0,85.48263,26,1.215643,13.83721,Femenino,FALSE
4.961923,9,14,69.48488,42,0.5449421,96.56057,Masculino,FALSE
4.961923,9,14,69.48488,42,0.5449421,96.56057,Masculino,FALSE
4.418797,7,5,73.80799,42,0.6750495,19.76023,Masculino,FALSE
4.418797,7,5,73.80799,42,0.6750495,19.76023,Masculino,FALSE
4.380132,0,1,79.00112,24,1.44995,64.98861,Masculino,FALSE
4.6966,0,0,74.33953,28,1.388233,67.35492,Masculino,FALSE
4.370373,0,2,57.38812,43,0.8692316,28.42845,Masculino,FALSE
4.370373,0,2,57.38812,43,0.8692316,28.42845,Masculino,FALSE
4.760743,0,4,61.38597,25,1.646911,4.698203,Femenino,FALSE
4.760743,0,4,61.38597,25,1.646911,4.698203,Femenino,FALSE
5,3,4,81.05387,24,0.2646822,100,Masculino,FALSE
5,3,4,81.05387,24,0.2646822,100,Masculino,FALSE
4.641627,0,16,80.17661,21,0,98.45384,Femenino,FALSE
4.577914,2,2,68.36343,39,1.964909,40.81338,Femenino,FALSE
4.482413,7,7,60.46151,42,1.28954,30.14803,Femenino,FALSE
4.791259,0,4,87.76919,40,1.126645,25.05113,Masculino,TRUE
4.169902,10,5,71.50076,25,0.0485873,94.84855,Femenino,FALSE
4.169902,10,5,71.50076,25,0.0485873,94.84855,Femenino,TRUE
4.305938,3,7,81.01501,27,1.447085,72.14985,Femenino,FALSE
4.305938,3,7,81.01501,27,1.447085,72.14985,Femenino,TRUE
4.880901,3,5,80.15758,26,0.1824836,100,Masculino,FALSE
4.966904,1,5,81.78073,39,0,100,Femenino,FALSE
3.931089,1,0,84.95534,27,1.23147,12.86557,Femenino,TRUE
3.931089,1,0,84.95534,27,1.23147,12.86557,Femenino,FALSE
4.781106,5,10,78.37405,25,0.8443429,33.38512,Masculino,FALSE
4.455871,12,7,75.8831,41,0,100,Masculino,FALSE
3.034492,0,0,80.78205,27,0.4676549,96.73453,Masculino,TRUE
3.615326,10,12,95.03185,21,0.1697924,100,Femenino,TRUE
3.615326,10,12,95.03185,21,0.1697924,100,Femenino,FALSE
4.271709,1,1,83.28444,41,0.1583059,100,Femenino,FALSE
4.271709,1,1,83.28444,41,0.1583059,100,Femenino,FALSE
4.639938,0,0,82.41744,43,2.291101,32.79499,Masculino,TRUE
4.352986,7,7,60.16236,23,0.5268624,98.65352,Masculino,TRUE
4.492811,1,2,79.67633,42,0.3332483,29.49612,Masculino,FALSE
4.492811,1,2,79.67633,42,0.3332483,29.49612,Masculino,FALSE
4.675132,7,6,74.69704,27,0.0821985,100,Femenino,FALSE
4.37264,1,7,63.79211,21,0,6.275765,Femenino,FALSE
4.528997,1,0,76.66156,39,2.317871,37.5448,Femenino,FALSE
4.391936,0,9,85.77641,27,0.0097122,96.65724,Masculino,FALSE
4.501087,7,7,86.01546,26,0.2027118,100,Femenino,TRUE
4.501087,7,7,86.01546,26,0.2027118,100,Femenino,FALSE
4.969499,2,3,79.19473,27,0.44584,57.82978,Femenino,FALSE
4.969499,2,3,79.19473,27,0.44584,57.82978,Femenino,TRUE
4.893601,12,0,81.91772,40,0.7982271,32.02448,Femenino,FALSE
4.1546,4,4,73.31989,40,2.61702,13.43076,Masculino,FALSE
4.662938,1,3,82.79348,44,0.5875758,30.79216,Femenino,FALSE
4.850018,0,5,85.81348,41,0.9369556,40.16863,Masculino,FALSE
3.37622,3,1,72.95467,40,0.2331689,100,Masculino,TRUE
4.974882,1,3,81.79012,39,1.870983,23.5302,Masculino,FALSE
4.845638,3,3,82.37383,26,0.4510661,30.14828,Masculino,FALSE
4.099861,4,4,70.69493,25,1.028692,8.979097,Masculino,FALSE
4.338297,0,0,81.24574,25,0.4626636,100,Femenino,TRUE
4.656298,2,0,79.30893,26,0.3978319,94.33002,Masculino,TRUE
4.262689,10,5,85.61726,28,1.244387,6.208119,Femenino,TRUE
3.993847,0,2,72.94914,28,0.5240163,11.40448,Femenino,TRUE
3.993847,0,2,72.94914,28,0.5240163,11.40448,Femenino,TRUE
4.910059,11,3,80.38923,27,0.0888561,100,Masculino,FALSE
4.910059,11,3,80.38923,27,0.0888561,100,Masculino,FALSE
4.955202,2,0,70.66435,23,0.433796,95.12405,Masculino,FALSE
4.12759,3,4,72.153,39,2.444625,19.19717,Masculino,TRUE
4.623873,10,4,67.37819,24,1.479401,26.78993,Femenino,FALSE
4.883096,5,10,72.57537,40,0,100,Femenino,FALSE
3.713881,6,5,93.62157,42,0.4952081,38.02445,Masculino,FALSE
3.713881,6,5,93.62157,42,0.4952081,38.02445,Masculino,TRUE
4.228869,1,3,83.93845,40,0.922316,32.06424,Masculino,TRUE
4.582815,5,0,67.05598,39,0.6520449,20.28801,Femenino,FALSE
4.582815,5,0,67.05598,39,0.6520449,20.28801,Femenino,FALSE
3.168272,5,3,75.99829,26,0.1037473,97.03666,Masculino,TRUE
4.85594,6,1,64.33669,24,0.351116,100,Masculino,FALSE
4.85594,6,1,64.33669,24,0.351116,100,Masculino,FALSE
4.990737,6,0,56.95972,28,1.02493,32.79485,Femenino,FALSE
4.990737,6,0,56.95972,28,1.02493,32.79485,Femenino,FALSE
4.204361,0,9,81.41076,23,0.4588605,7.595659,Masculino,FALSE
4.979831,10,12,83.80579,39,1.13905,23.92361,Femenino,TRUE
4.979831,10,12,83.80579,39,1.13905,23.92361,Femenino,FALSE
4.634925,3,4,75.3679,27,0.4227857,68.03868,Masculino,FALSE
4.634925,3,4,75.3679,27,0.4227857,68.03868,Masculino,FALSE
4.888585,8,0,51.63522,42,1.46848,43.40376,Masculino,FALSE
4.807345,0,0,86.9892,40,0.6330978,48.77462,Masculino,FALSE
4.466898,0,4,57.99267,41,1.064736,21.84815,Masculino,FALSE
4.999228,2,0,82.10062,43,0.3647537,100,Masculino,FALSE
4.999228,2,0,82.10062,43,0.3647537,100,Masculino,FALSE
4.492033,8,4,88.62794,39,0.6313381,38.06388,Femenino,FALSE
4.555601,1,8,85.92159,40,1.190615,31.75501,Femenino,TRUE
4.209519,6,7,61.6282,24,0.6351328,94.11908,Masculino,FALSE
4.834931,11,5,76.48941,44,0.6576964,32.07753,Femenino,FALSE
4.359095,10,14,75.72829,26,1.420427,59.62342,Masculino,FALSE
4.359095,10,14,75.72829,26,1.420427,59.62342,Masculino,FALSE
4.743064,5,1,82.23223,24,1.461671,27.17356,Masculino,FALSE
4.526071,0,0,73.74696,41,2.397336,28.96323,Femenino,FALSE
2.848407,5,8,69.67255,40,0.8462399,27.3306,Femenino,TRUE
2.848407,5,8,69.67255,40,0.8462399,27.3306,Femenino,TRUE
4.216416,4,1,49.35454,38,1.641305,35.77484,Masculino,TRUE
4.724471,1,1,71.51496,39,1.951187,24.96247,Masculino,FALSE
4.337624,7,9,71.59396,22,0.5624092,100,Masculino,FALSE
4.215087,10,9,73.70818,23,3.01354,2.787169,Masculino,FALSE
4.824624,6,6,77.12656,27,0.227741,100,Femenino,FALSE
4.830236,5,8,57.70625,28,0.1536577,100,Masculino,FALSE
4.159219,3,3,68.2895,26,1.874374,67.87143,Masculino,FALSE
4.997077,2,5,80.0815,24,0.5961231,100,Masculino,FALSE
4.544363,7,2,66.99107,22,0.8126751,97.31351,Femenino,TRUE
4.732542,6,0,65.47942,40,1.582209,30.48523,Masculino,FALSE
4.732542,6,0,65.47942,40,1.582209,30.48523,Masculino,FALSE
4.384219,10,1,63.24643,41,0,100,Femenino,FALSE
4.384219,10,1,63.24643,41,0,100,Femenino,TRUE
4.243475,0,0,69.07174,22,0.1799207,100,Femenino,FALSE
4.766436,7,8,75.39267,26,1.165323,68.36552,Masculino,FALSE
4.766436,7,8,75.39267,26,1.165323,68.36552,Masculino,FALSE
3.5724,0,6,60.20291,24,0.6052831,99.3644,Masculino,FALSE
3.225649,1,4,77.03365,26,0,98.81654,Masculino,FALSE
4.111973,0,4,82.74887,40,0,99.00201,Masculino,TRUE
4.111973,0,4,82.74887,40,0,99.00201,Masculino,TRUE
3.564567,4,0,78.38235,27,0.348454,38.9927,Masculino,FALSE
3.564567,4,0,78.38235,27,0.348454,38.9927,Masculino,TRUE
4.820617,10,10,84.22493,42,1.068881,33.81697,Femenino,FALSE
4.453576,2,0,81.79274,28,1.472203,68.7927,Masculino,FALSE
4.032403,0,0,84.74545,24,0.5044408,36.21748,Femenino,FALSE
4.628327,9,5,88.42059,42,0.9122772,19.90842,Masculino,TRUE
4.628327,9,5,88.42059,42,0.9122772,19.90842,Masculino,FALSE
4.341952,1,6,68.11806,23,0.500282,99.97746,Femenino,FALSE
4.36279,3,0,83.32941,26,0,99.06769,Masculino,TRUE
4.764523,3,0,63.92755,41,0.4757192,100,Masculino,TRUE
4.706763,9,5,77.58636,43,2.198826,35.48333,Femenino,TRUE
4.163392,1,0,78.46356,41,0.5242541,100,Masculino,FALSE
4.863187,6,7,80.11326,42,0.393803,95.44875,Femenino,FALSE
4.731166,0,1,74.97648,26,0.9988446,22.21334,Femenino,FALSE
4.586934,3,6,69.44332,26,1.128731,66.18735,Masculino,FALSE
4.586934,3,6,69.44332,26,1.128731,66.18735,Masculino,FALSE
4.279792,8,4,81.11565,25,0.1097785,91.81074,Femenino,TRUE
4.279792,8,4,81.11565,25,0.1097785,91.81074,Femenino,FALSE
4.956446,9,11,70.00594,28,1.49835,67.444,Masculino,FALSE
4.842837,7,2,83.59274,39,0.880868,25.79373,Masculino,FALSE
2.71665,6,4,74.495,27,0.4573947,99.44798,Femenino,TRUE
2.71665,6,4,74.495,27,0.4573947,99.44798,Femenino,TRUE
4.493687,0,1,57.89087,30,1.006519,59.06358,Femenino,FALSE
4.493687,0,1,57.89087,30,1.006519,59.06358,Femenino,FALSE
3.998776,3,7,85.0727,28,0,95.65814,Femenino,TRUE
4.416919,1,9,80.46342,25,1.638311,65.83733,Masculino,TRUE
4.285759,6,3,61.59168,38,2.782937,1.940446,Masculino,FALSE
5,11,11,66.86747,24,0.2391659,14.50823,Femenino,FALSE
4.531456,7,7,82.8801,28,0.1722697,97.00196,Femenino,FALSE
4.531456,7,7,82.8801,28,0.1722697,97.00196,Femenino,FALSE
4.415085,6,1,75.273,26,1.181506,20.88902,Masculino,FALSE
4.585638,6,3,81.58327,42,2.286339,30.80803,Masculino,TRUE
4.585638,6,3,81.58327,42,2.286339,30.80803,Masculino,TRUE
4.276181,5,4,72.37526,25,0,99.467,Masculino,FALSE
4.758539,7,1,77.83503,30,0.4281088,99.27789,Masculino,FALSE
4.758539,7,1,77.83503,30,0.4281088,99.27789,Masculino,FALSE
4.404745,3,5,85.25378,40,1.081825,24.82864,Femenino,FALSE
4.404745,3,5,85.25378,40,1.081825,24.82864,Femenino,FALSE
2.85137,6,4,72.71792,25,0.3453635,97.29036,Femenino,TRUE
2.85137,6,4,72.71792,25,0.3453635,97.29036,Femenino,TRUE
4.749219,11,4,65.73782,42,0.1421558,100,Masculino,FALSE
4.749219,11,4,65.73782,42,0.1421558,100,Masculino,FALSE
4.308129,10,4,70.70512,23,0.5145116,100,Femenino,FALSE
4.778093,0,4,80.59454,42,0.7807642,34.23058,Femenino,FALSE
4.769776,3,5,82.15359,27,0.0692746,95.07763,Femenino,TRUE
4.769776,3,5,82.15359,27,0.0692746,95.07763,Femenino,FALSE
4.102857,10,5,84.55136,27,1.052083,6.891831,Femenino,FALSE
4.102857,10,5,84.55136,27,1.052083,6.891831,Femenino,TRUE
4.719262,0,7,79.33401,23,0.1818177,100,Masculino,FALSE
4.09487,2,3,77.44179,20,2.737498,12.08471,Femenino,FALSE
4.818365,4,7,74.10557,19,0.3968353,83.07259,Femenino,FALSE
4.563597,4,4,93.39906,39,0.1338757,40.61715,Femenino,FALSE
4.711026,3,1,82.29691,26,0.2119427,100,Masculino,TRUE
4.711026,3,1,82.29691,26,0.2119427,100,Masculino,FALSE
3.198031,3,1,64.37495,43,1.765861,26.0554,Femenino,TRUE
3.198031,3,1,64.37495,43,1.765861,26.0554,Femenino,TRUE
5,5,2,79.79044,27,0.6543809,57.89524,Masculino,TRUE
3.601257,0,0,70.71598,28,0.5157295,27.79078,Masculino,TRUE
3.601257,0,0,70.71598,28,0.5157295,27.79078,Masculino,FALSE
3.018556,8,6,59.23507,21,0.5545231,98.38095,Masculino,FALSE
2.93181,0,0,79.51155,26,0.3094506,100,Masculino,TRUE
2.93181,0,0,79.51155,26,0.3094506,100,Masculino,FALSE
3.655734,10,13,95.07356,21,0.3881292,98.93415,Femenino,FALSE
3.655734,10,13,95.07356,21,0.3881292,98.93415,Femenino,TRUE
4.853683,7,9,58.9838,23,0.4767118,89.19249,Masculino,FALSE
2.974531,0,0,83.17223,26,0.3083293,100,Masculino,TRUE
3.324736,3,4,75.22929,27,0.7170853,63.78477,Femenino,TRUE
3.324736,3,4,75.22929,27,0.7170853,63.78477,Femenino,TRUE
3.926881,5,15,85.2812,25,0,100,Masculino,FALSE
3.926881,5,15,85.2812,25,0,100,Masculino,FALSE
4.663469,3,7,76.98282,25,0.6398954,53.56412,Masculino,TRUE
4.157939,11,1,82.3169,23,0.1818221,99.32207,Masculino,FALSE
4.157939,11,1,82.3169,23,0.1818221,99.32207,Masculino,FALSE
4.140656,3,0,82.97346,42,0,91.17175,Masculino,TRUE
4.140656,3,0,82.97346,42,0,91.17175,Masculino,FALSE
4.856368,9,8,80.61477,40,1.49536,32.28982,Femenino,FALSE
4.856368,9,8,80.61477,40,1.49536,32.28982,Femenino,FALSE
4.955118,0,11,78.6518,23,0.3011171,14.6175,Masculino,FALSE
4.955118,0,11,78.6518,23,0.3011171,14.6175,Masculino,FALSE
4.50757,9,1,61.03461,22,0.2552088,97.34052,Masculino,TRUE
4.422243,3,0,83.89329,24,0.2734201,96.95152,Masculino,TRUE
4.422243,3,0,83.89329,24,0.2734201,96.95152,Masculino,FALSE
4.935679,10,0,51.40073,44,1.463352,44.70059,Masculino,FALSE
4.725072,4,9,85.02297,22,0.4241703,13.92405,Masculino,FALSE
4.725072,4,9,85.02297,22,0.4241703,13.92405,Masculino,FALSE
4.034625,7,5,85.12319,28,0,92.86652,Femenino,FALSE
4.731667,0,7,77.21367,27,0,100,Masculino,FALSE
5,4,0,84.89665,25,0.1050139,100,Femenino,FALSE
4.188017,1,3,72.08423,39,0.7459784,23.98134,Masculino,FALSE
4.599489,2,3,69.3633,40,2.507679,8.278876,Femenino,TRUE
4.939374,2,0,72.64351,27,0.9100397,60.38371,Masculino,TRUE
4.939374,2,0,72.64351,27,0.9100397,60.38371,Masculino,FALSE
4.379274,7,5,61.19009,40,0.5552242,99.2496,Masculino,FALSE
4.379274,7,5,61.19009,40,0.5552242,99.2496,Masculino,FALSE
2.943149,8,7,58.37759,23,0.6281359,100,Masculino,FALSE
2.943149,8,7,58.37759,23,0.6281359,100,Masculino,FALSE
4.153721,1,6,86.28243,24,0.625426,16.71723,Masculino,FALSE
5,12,6,72.54524,26,1.434298,65.5809,Femenino,FALSE
5,12,6,72.54524,26,1.434298,65.5809,Femenino,FALSE
4.639449,1,0,83.07389,28,0.3343266,30.07889,Femenino,FALSE
4.639449,1,0,83.07389,28,0.3343266,30.07889,Femenino,FALSE
4.253958,4,1,51.26414,40,1.864543,35.18293,Masculino,TRUE
5,0,13,77.89521,23,0.0892729,99.30595,Masculino,FALSE
5,0,13,77.89521,23,0.0892729,99.30595,Masculino,FALSE
2.688673,5,2,75.05534,26,0.6731874,97.59045,Femenino,TRUE
2.688673,5,2,75.05534,26,0.6731874,97.59045,Femenino,TRUE
4.874657,1,4,70.42031,22,1.526399,19.84461,Femenino,TRUE
4.932364,4,13,60.66668,43,1.472847,42.86024,Masculino,FALSE
4.731071,0,0,90.94782,28,0.1929258,45.90959,Masculino,FALSE
4.731071,0,0,90.94782,28,0.1929258,45.90959,Masculino,TRUE
4.355106,0,1,82.11286,27,0.1517838,97.68316,Masculino,FALSE
4.355106,0,1,82.11286,27,0.1517838,97.68316,Masculino,TRUE
3.034011,10,6,76.29715,25,0.4319134,21.51254,Femenino,TRUE
3.034011,10,6,76.29715,25,0.4319134,21.51254,Femenino,TRUE
4.030523,4,12,77.70063,28,1.020303,62.22255,Femenino,FALSE
4.915513,9,6,65.16025,22,0.0344937,97.87611,Masculino,FALSE
4.848318,6,16,60.76957,40,1.000335,25.78775,Femenino,FALSE
4.709472,10,0,64.35219,41,1.703303,32.89045,Masculino,FALSE
3.015077,5,6,81.93732,26,0.0580507,100,Masculino,FALSE
4.840868,0,12,80.62605,39,0.0313508,100,Femenino,FALSE
4.840868,0,12,80.62605,39,0.0313508,100,Femenino,TRUE
4.998833,8,7,76.93624,40,0,100,Masculino,FALSE
4.48442,10,0,83.36053,41,2.428733,30.88859,Masculino,TRUE
4.631668,2,3,84.64372,25,0.1120725,100,Femenino,FALSE
2.921022,9,7,79.64909,19,0.5613815,81.87349,Femenino,TRUE
2.921022,9,7,79.64909,19,0.5613815,81.87349,Femenino,TRUE
4.16993,6,12,84.02392,25,0.0275291,100,Femenino,FALSE
4.774815,7,0,75.75613,41,1.454871,21.95292,Masculino,FALSE
3.258229,6,11,85.77676,27,1.36798,7.366481,Masculino,FALSE
3.258229,6,11,85.77676,27,1.36798,7.366481,Masculino,FALSE
4.756403,5,11,70.5046,40,2.085311,28.45097,Femenino,FALSE
4.933167,6,1,58.60119,26,0.9063029,38.99359,Femenino,FALSE
4.933167,6,1,58.60119,26,0.9063029,38.99359,Femenino,FALSE
4.584318,10,6,72.73312,40,0.506776,98.91678,Femenino,TRUE
4.584318,10,6,72.73312,40,0.506776,98.91678,Femenino,FALSE
4.957279,0,12,76.11162,23,0.2143736,100,Masculino,FALSE
4.870873,8,10,81.31162,40,0,100,Masculino,FALSE
4.870873,8,10,81.31162,40,0,100,Masculino,FALSE
4.046034,4,2,67.86222,39,0.5802143,20.64639,Femenino,TRUE
4.483061,0,0,83.59738,26,0.0225604,100,Masculino,FALSE
4.446629,0,5,76.73442,23,0,94.16547,Femenino,TRUE
4.082879,0,2,70.1988,40,0.8674271,23.92377,Masculino,FALSE
5,3,0,81.73624,41,0.329203,100,Masculino,FALSE
5,3,0,81.73624,41,0.329203,100,Masculino,FALSE
4.948858,0,12,84.98396,41,1.004102,30.64887,Masculino,FALSE
4.618197,8,6,88.02639,25,0.0893509,100,Femenino,FALSE
4.647224,7,4,69.92625,29,0.1427737,97.30735,Femenino,FALSE
4.647224,7,4,69.92625,29,0.1427737,97.30735,Femenino,FALSE
4.361563,0,5,68.01252,23,0.1570864,100,Masculino,FALSE
4.963054,0,1,76.16618,24,0.3231712,100,Masculino,TRUE
4.963054,0,1,76.16618,24,0.3231712,100,Masculino,FALSE
4.246598,5,3,62.08984,42,2.63157,2.092718,Masculino,FALSE
4.631251,1,0,87.09879,28,0.1697896,100,Femenino,FALSE
4.830609,10,3,64.2971,24,0.1125111,97.52677,Masculino,FALSE
4.830609,10,3,64.2971,24,0.1125111,97.52677,Masculino,TRUE
4.851285,6,12,84.21013,41,1.044757,27.10454,Masculino,FALSE
4.781355,11,8,86.32117,27,0.1676123,87.19057,Masculino,FALSE
4.473667,2,7,82.49316,43,0.1517622,91.50435,Femenino,FALSE
4.849064,6,0,73.05481,28,1.487688,63.92495,Masculino,FALSE
4.437725,2,6,61.60254,23,0.1300875,10.03178,Femenino,FALSE
4.355959,0,9,60.72301,27,1.401666,30.24705,Masculino,FALSE
4.121288,10,8,58.05981,27,0.6796175,13.52567,Femenino,FALSE
4.243008,3,8,82.90005,26,0.2262572,95.15749,Femenino,FALSE
4.4048,7,17,86.23399,26,0.1095169,95.27323,Femenino,TRUE
4.415298,6,3,63.53295,41,0.3885573,100,Masculino,FALSE
4.51649,0,0,80.5128,24,1.371672,13.26443,Masculino,FALSE
3.035812,0,4,79.42821,43,0.5215222,31.24961,Masculino,TRUE
3.035812,0,4,79.42821,43,0.5215222,31.24961,Masculino,FALSE
4.253735,10,4,87.50572,20,0.2447905,100,Femenino,TRUE
4.779913,2,6,77.80619,27,0.7022166,29.32326,Femenino,TRUE
4.779913,2,6,77.80619,27,0.7022166,29.32326,Femenino,FALSE
4.47659,6,4,77.16142,42,0.1613085,100,Masculino,TRUE
4.39936,0,0,63.48891,42,2.184031,30.70225,Femenino,FALSE
4.933959,0,10,83.83394,41,1.248719,26.94387,Masculino,FALSE
5,11,15,80.31222,39,0.3742275,35.87786,Masculino,FALSE
3.606915,6,1,71.09763,20,0.6609223,89.70246,Femenino,TRUE
4.769943,5,2,90.96886,18,0.3466384,95.31774,Femenino,FALSE
4.755588,2,8,88.84713,41,1.139496,29.0029,Masculino,FALSE
4.709524,4,2,81.00067,41,0.5472466,32.38218,Masculino,TRUE
3.646992,6,6,93.0578,43,0.3798977,47.0661,Masculino,FALSE
3.646992,6,6,93.0578,43,0.3798977,47.0661,Masculino,TRUE
4.509537,6,0,75.04417,25,1.13155,11.10233,Masculino,FALSE
4.269116,6,6,83.96673,26,0.1166218,99.32544,Femenino,FALSE
4.362714,0,0,79.39817,22,0.0417545,100,Femenino,FALSE
4.50164,7,14,72.63334,24,0.0625794,20.72759,Masculino,FALSE
5,0,12,85.61355,25,0.1453612,100,Femenino,FALSE
4.54048,6,1,92.31818,22,0.3303264,100,Masculino,TRUE
4.9151,10,3,80.66608,27,0,95.99747,Masculino,FALSE
4.933087,1,0,79.04395,22,0.1427965,94.44627,Masculino,FALSE
4.850744,4,2,79.0975,40,0.7966677,22.84588,Masculino,FALSE
4.850744,4,2,79.0975,40,0.7966677,22.84588,Masculino,FALSE
5,9,1,74.4567,43,0.3346518,97.80474,Femenino,TRUE
5,9,1,74.4567,43,0.3346518,97.80474,Femenino,TRUE
4.597254,3,4,81.82686,27,0.050314,97.08481,Femenino,FALSE
4.597254,3,4,81.82686,27,0.050314,97.08481,Femenino,FALSE
3.344041,10,5,79.47094,23,0.0920686,100,Femenino,TRUE
3.344041,10,5,79.47094,23,0.0920686,100,Femenino,FALSE
4.496544,3,15,76.88932,41,2.729148,35.08727,Masculino,FALSE
4.149279,5,12,83.70212,40,0.2544817,100,Femenino,TRUE
3.602491,5,0,79.20291,25,0.4003398,30.82264,Masculino,FALSE
4.891098,3,0,73.8726,40,2.141318,28.20897,Masculino,FALSE
4.109276,5,4,79.41104,26,0.1835886,96.28653,Femenino,FALSE
4.346834,7,3,74.21928,41,0.4385805,100,Femenino,FALSE
4.346834,7,3,74.21928,41,0.4385805,100,Femenino,TRUE
2.929053,8,6,60.35539,24,0.6777716,100,Masculino,FALSE
2.929053,8,6,60.35539,24,0.6777716,100,Masculino,TRUE
4.229886,8,4,68.27706,26,0.357102,100,Masculino,FALSE
4.875556,1,2,81.91573,22,0.1920503,100,Masculino,TRUE
4.158632,7,4,67.50671,40,1.76138,40.07406,Femenino,FALSE
4.158632,7,4,67.50671,40,1.76138,40.07406,Femenino,FALSE
3.307647,3,4,76.18385,27,0.7664029,67.07122,Femenino,TRUE
4.117496,1,11,81.31934,24,0.4882471,7.724045,Masculino,FALSE
4.117496,1,11,81.31934,24,0.4882471,7.724045,Masculino,FALSE
4.621031,0,0,78.28364,40,2.381847,31.42661,Masculino,FALSE
4.621031,0,0,78.28364,40,2.381847,31.42661,Masculino,TRUE
4.5326,1,4,83.24174,27,0.1553803,94.72182,Masculino,FALSE
4.933331,5,3,81.67066,18,0.6358339,77.02807,Femenino,FALSE
4.614179,1,0,83.70824,41,2.246305,26.62452,Masculino,FALSE
3.623254,3,4,73.21062,26,0,100,Masculino,TRUE
3.623254,3,4,73.21062,26,0,100,Masculino,TRUE
4.58534,7,4,60.64202,44,0.9616152,33.82727,Femenino,TRUE
4.58534,7,4,60.64202,44,0.9616152,33.82727,Femenino,FALSE
4.919214,1,3,81.93559,41,0.0673566,100,Femenino,FALSE
4.68043,6,5,84.54523,27,0.0542797,94.91235,Femenino,TRUE
4.836488,0,4,60.20413,26,1.806189,6.417352,Femenino,FALSE
4.727674,0,5,74.46258,28,1.506351,58.42014,Masculino,TRUE
3.054911,2,3,64.94733,24,0.516246,94.13323,Masculino,TRUE
3.054911,2,3,64.94733,24,0.516246,94.13323,Masculino,TRUE
4.111292,7,5,70.00153,26,1.828932,65.34663,Masculino,FALSE
4.840027,6,6,77.54008,26,0.3571986,93.83561,Femenino,TRUE
4.840027,6,6,77.54008,26,0.3571986,93.83561,Femenino,FALSE
4.723561,10,6,67.58077,22,0.3574854,99.14157,Masculino,FALSE
4.840348,0,13,86.62006,26,0.1742517,93.09796,Masculino,FALSE
4.840348,0,13,86.62006,26,0.1742517,93.09796,Masculino,FALSE
4.01602,0,0,58.90205,27,1.128366,54.73216,Masculino,FALSE
5,0,12,86.02083,26,0.0811959,100,Femenino,TRUE
5,0,12,86.02083,26,0.0811959,100,Femenino,FALSE
4.678607,11,7,72.82246,40,1.940397,15.49107,Masculino,FALSE
4.366173,8,0,82.99603,41,1.082718,31.49936,Femenino,TRUE
4.578602,11,2,76.50901,24,0.0001554,94.62823,Masculino,FALSE
4.37413,9,2,87.13971,42,1.33534,30.09627,Femenino,TRUE
4.56585,7,3,81.78161,27,0.1542632,97.69454,Femenino,TRUE
4.204245,0,1,68.04498,28,2.407857,33.49177,Masculino,FALSE
3.80367,4,1,59.78937,23,0.6553423,89.25299,Masculino,TRUE
3.80367,4,1,59.78937,23,0.6553423,89.25299,Masculino,FALSE
3.195655,8,9,59.60919,41,0,95.63772,Masculino,TRUE
3.195655,8,9,59.60919,41,0,95.63772,Masculino,TRUE
3.983801,11,3,77.66576,22,0.0603042,100,Masculino,TRUE
3.983801,11,3,77.66576,22,0.0603042,100,Masculino,TRUE
4.226183,0,0,67.80928,24,0.3014019,97.3905,Femenino,TRUE
3.409228,2,0,71.40965,41,0.0794721,95.84392,Masculino,FALSE
3.409228,2,0,71.40965,41,0.0794721,95.84392,Masculino,TRUE
4.798228,4,4,75.50343,25,0,100,Femenino,FALSE
2.917392,0,0,82.37091,26,0.3004488,96.29896,Masculino,TRUE
2.917392,0,0,82.37091,26,0.3004488,96.29896,Masculino,TRUE
4.903162,4,0,71.46368,27,1.090715,66.66942,Masculino,TRUE
4.165378,0,1,66.94982,44,0.6913642,25.76619,Masculino,FALSE
4.449008,0,5,76.9269,22,0.1135291,100,Femenino,FALSE
3.999387,8,1,65.84032,24,0.4132175,24.78404,Masculino,FALSE
3.999387,8,1,65.84032,24,0.4132175,24.78404,Masculino,TRUE
4.867686,1,5,80.92038,26,0.5018569,36.70174,Masculino,TRUE
4.622401,0,9,82.27966,27,0.4666333,32.22832,Femenino,FALSE
4.909918,3,0,77.71835,41,2.081735,32.53531,Masculino,FALSE
3.988206,4,7,85.06964,24,0.0034357,95.95622,Femenino,FALSE
3.988206,4,7,85.06964,24,0.0034357,95.95622,Femenino,TRUE
4.189724,9,8,73.58563,25,2.818051,8.938823,Masculino,TRUE
4.189724,9,8,73.58563,25,2.818051,8.938823,Masculino,FALSE
4.748942,6,5,68.94154,38,0.5181554,29.48491,Femenino,FALSE
4.253502,3,7,62.59001,40,2.494225,28.15351,Masculino,FALSE
3.527473,4,0,80.65063,25,0.3897388,35.53922,Masculino,TRUE
3.527473,4,0,80.65063,25,0.3897388,35.53922,Masculino,FALSE
4.672643,10,12,87.99703,29,1.926398,5.234916,Masculino,FALSE
4.649923,0,0,71.82919,28,1.498035,65.9038,Masculino,FALSE
4.313987,10,9,82.83809,41,0.1789863,94.75452,Femenino,TRUE
4.759035,5,4,68.82053,40,0.5263484,26.3079,Femenino,TRUE
4.759035,5,4,68.82053,40,0.5263484,26.3079,Femenino,FALSE
4.128518,4,9,60.69706,41,0.8375782,31.24376,Femenino,TRUE
4.554625,4,6,76.61501,26,1.372962,19.28674,Femenino,FALSE
4.475095,10,0,62.02316,40,0.0750241,100,Femenino,FALSE
4.475095,10,0,62.02316,40,0.0750241,100,Femenino,FALSE
4.004856,0,0,65.38501,25,0.8797227,14.41653,Masculino,TRUE
4.306513,0,0,64.71636,42,2.080448,38.39188,Femenino,FALSE
4.272291,3,4,73.54745,37,2.629229,18.74486,Masculino,FALSE
4.158561,0,0,70.78095,29,1.779981,66.5633,Masculino,FALSE
4.882251,5,14,70.73749,40,0.3996832,97.34914,Masculino,FALSE
4.335396,3,2,75.88984,40,0.007226,100,Femenino,TRUE
4.335396,3,2,75.88984,40,0.007226,100,Femenino,FALSE
4.745414,4,1,86.28471,19,0.4354915,99.18745,Masculino,FALSE
4.745414,4,1,86.28471,19,0.4354915,99.18745,Masculino,FALSE
3.271061,10,8,63.16488,26,1.312656,62.05821,Masculino,FALSE
3.271061,10,8,63.16488,26,1.312656,62.05821,Masculino,TRUE
3.004786,0,0,82.91405,26,0.3821172,100,Masculino,FALSE
3.004786,0,0,82.91405,26,0.3821172,100,Masculino,TRUE
4.199981,0,1,68.94318,28,2.308543,22.95499,Masculino,FALSE
4.151608,0,1,70.88923,22,0.0351599,99.6018,Masculino,TRUE
4.151608,0,1,70.88923,22,0.0351599,99.6018,Masculino,TRUE
4.883609,5,8,58.24124,27,0.2399642,100,Masculino,FALSE
4.671709,7,2,68.94919,23,0.3168434,92.39453,Masculino,FALSE
4.858025,11,5,60.29012,25,0.8799359,10.69535,Femenino,FALSE
4.858025,11,5,60.29012,25,0.8799359,10.69535,Femenino,FALSE
4.690782,3,5,55.96486,24,1.474338,21.88408,Masculino,FALSE
3.903017,6,6,88.94274,42,0.4969155,36.10063,Masculino,FALSE
3.903017,6,6,88.94274,42,0.4969155,36.10063,Masculino,TRUE
4.718047,3,3,66.97702,39,0.5546629,100,Masculino,FALSE
3.607156,0,7,59.06024,25,0.5821033,100,Masculino,TRUE
4.274779,9,12,83.10333,41,0.2676287,26.64678,Masculino,TRUE
4.523776,8,3,87.56304,41,1.038357,29.93117,Masculino,TRUE
4.952778,11,13,66.84116,21,0.3642636,22.33434,Femenino,FALSE
4.789101,11,9,70.06158,29,2.695726,5.452268,Masculino,FALSE
4.789101,11,9,70.06158,29,2.695726,5.452268,Masculino,FALSE
4.933833,0,12,86.10146,39,0.9943724,28.12853,Masculino,TRUE
4.619548,10,1,78.19003,23,0.1049153,96.37376,Femenino,FALSE
4.263266,9,15,86.01787,44,0.9038821,23.61586,Masculino,TRUE
4.263266,9,15,86.01787,44,0.9038821,23.61586,Masculino,TRUE
4.107317,0,3,93.88678,41,0.322739,41.19797,Femenino,TRUE
4.783324,6,8,76.0224,40,0,100,Femenino,TRUE
4.783324,6,8,76.0224,40,0,100,Femenino,TRUE
4.112945,7,6,82.15029,28,0.3771616,27.7988,Femenino,TRUE
4.112945,7,6,82.15029,28,0.3771616,27.7988,Femenino,FALSE
4.570003,5,1,57.45294,27,0.3767837,28.08951,Masculino,FALSE
4.973075,11,12,66.99139,24,0.201884,19.35664,Femenino,FALSE
3.754614,0,0,81.01147,27,1.466549,67.872,Masculino,FALSE
3.754614,0,0,81.01147,27,1.466549,67.872,Masculino,TRUE
5,6,2,85.11148,26,0.023636,100,Masculino,FALSE
5,6,2,85.11148,26,0.023636,100,Masculino,TRUE
4.406876,2,0,70.83072,39,1.992918,32.7699,Masculino,FALSE
4.406876,2,0,70.83072,39,1.992918,32.7699,Masculino,TRUE
4.604708,0,0,81.23007,25,1.427672,5.157448,Masculino,FALSE
4.604708,0,0,81.23007,25,1.427672,5.157448,Masculino,FALSE
4.671016,0,13,82.26302,23,0.2335524,98.37949,Femenino,TRUE
4.298425,9,3,71.88522,21,0.0122658,100,Masculino,FALSE
4.298425,9,3,71.88522,21,0.0122658,100,Masculino,FALSE
4.486424,7,3,89.46478,39,0.4040264,46.01381,Femenino,FALSE
4.486424,7,3,89.46478,39,0.4040264,46.01381,Femenino,TRUE
4.928154,1,0,78.87531,28,0,100,Femenino,TRUE
4.883919,3,7,78.97381,21,0.1014516,94.62444,Femenino,TRUE
4.666777,7,3,96.33787,42,0.6091371,34.28851,Femenino,FALSE
4.776907,6,0,69.09439,22,1.629076,27.85902,Masculino,FALSE
4.277421,1,9,60.61201,28,1.497495,20.64004,Masculino,FALSE
4.745043,0,0,87.07448,41,0.6760723,36.05227,Masculino,FALSE
4.762785,0,1,79.70601,28,1.156558,8.341746,Femenino,TRUE
4.831074,0,0,70.87966,42,1.91889,36.3954,Masculino,TRUE
4.717825,9,11,74.88495,29,0.3703737,55.70496,Femenino,FALSE
3.12809,8,11,59.87591,40,0.1908107,100,Masculino,FALSE
3.12809,8,11,59.87591,40,0.1908107,100,Masculino,TRUE
4.001418,6,6,85.55566,26,0.0131265,93.93567,Femenino,TRUE
5,0,4,83.64452,42,0.0286844,100,Femenino,FALSE
2.986361,7,7,59.95091,42,0.8454269,29.84307,Masculino,FALSE
2.986361,7,7,59.95091,42,0.8454269,29.84307,Masculino,TRUE
4.301733,0,0,69.21342,22,1.587566,19.15694,Masculino,FALSE
4.123446,11,5,69.49545,23,0.3229352,94.05796,Masculino,TRUE
4.288929,1,3,87.54564,41,1.046516,23.42951,Masculino,FALSE
4.288929,1,3,87.54564,41,1.046516,23.42951,Masculino,FALSE
4.893679,4,1,81.21558,41,1.061652,39.95377,Masculino,FALSE
4.9729,1,5,69.16537,28,0.3365668,100,Masculino,FALSE
4.914037,3,0,71.51614,27,0.9650673,66.98067,Masculino,FALSE
4.538854,10,8,69.38079,40,0.7005211,100,Masculino,TRUE
4.562438,10,8,70.33433,41,0.5724525,99.42407,Masculino,FALSE
4.562438,10,8,70.33433,41,0.5724525,99.42407,Masculino,TRUE
4.793288,7,0,75.66944,26,0.7309411,13.15087,Masculino,FALSE
4.415842,9,1,75.23954,25,0.3377003,99.5461,Masculino,FALSE
4.415842,9,1,75.23954,25,0.3377003,99.5461,Masculino,FALSE
2.936593,1,2,67.43645,24,0.6977053,100,Masculino,FALSE
2.936593,1,2,67.43645,24,0.6977053,100,Masculino,TRUE
3.404257,2,0,73.19154,41,0.2234541,100,Masculino,TRUE
3.404257,2,0,73.19154,41,0.2234541,100,Masculino,FALSE
3.777222,0,0,82.54038,28,1.436547,61.01433,Masculino,TRUE
3.777222,0,0,82.54038,28,1.436547,61.01433,Masculino,FALSE
4.94074,0,0,86.43543,24,0,100,Masculino,TRUE
4.825694,3,3,68.91472,26,1.091366,30.75707,Femenino,FALSE
4.888584,4,4,77.55737,26,1.083014,11.06372,Masculino,FALSE
4.789578,11,0,77.49308,26,0.3798629,100,Femenino,FALSE
4.789578,11,0,77.49308,26,0.3798629,100,Femenino,FALSE
4.217015,9,4,68.33149,40,0.9641656,22.09917,Masculino,FALSE
4.160162,10,8,74.71047,24,2.870601,9.434759,Masculino,FALSE
4.289568,0,0,69.74906,23,0.0335823,92.31376,Femenino,FALSE
4.088688,3,2,94.04653,27,0.6651737,86.33743,Masculino,FALSE
4.64316,0,14,84.58445,24,0.3448371,92.28321,Femenino,FALSE
4.167631,2,8,78.73606,27,0,100,Femenino,TRUE
4.7576,0,0,68.93146,43,2.343716,34.95616,Masculino,FALSE
4.474905,11,10,67.20193,27,1.529421,70.10473,Masculino,FALSE
3.548756,3,0,82.6128,25,0.051158,100,Masculino,FALSE
3.548756,3,0,82.6128,25,0.051158,100,Masculino,FALSE
4.996614,0,3,81.20581,25,0.5569384,100,Femenino,FALSE
4.867751,7,8,74.67429,26,0.9829177,57.1446,Masculino,FALSE
4.303139,0,0,70.04861,39,0.6520825,20.99599,Femenino,FALSE
4.904696,2,0,73.90588,41,0.5801905,100,Femenino,FALSE
4.840255,9,2,50.24769,40,1.467164,38.2696,Masculino,FALSE
4.668353,6,5,85.34755,28,0,97.51473,Masculino,TRUE
3.209444,8,10,59.9289,42,0.0137297,92.96082,Masculino,TRUE
3.209444,8,10,59.9289,42,0.0137297,92.96082,Masculino,FALSE
4.218544,2,3,76.53797,26,0.3179049,33.42003,Femenino,TRUE
4.218544,2,3,76.53797,26,0.3179049,33.42003,Femenino,FALSE
4.475334,3,7,84.58793,41,0.1913418,99.72245,Femenino,FALSE
4.16058,0,0,86.10866,38,0.0752179,99.74071,Femenino,FALSE
3.722846,6,6,93.15774,41,0.2888237,46.76901,Masculino,FALSE
3.722846,6,6,93.15774,41,0.2888237,46.76901,Masculino,TRUE
4.532373,5,2,69.66006,39,1.930808,27.90307,Femenino,FALSE
4.027601,11,5,81.70403,41,0.267778,100,Femenino,FALSE
4.937493,7,14,83.16837,40,0,100,Masculino,FALSE
4.252838,8,2,95.83298,20,0.1976481,100,Femenino,TRUE
4.708985,7,0,81.58631,25,0.1970639,100,Femenino,FALSE
5,11,13,67.44857,22,0.0721935,6.350771,Femenino,FALSE
4.682977,0,1,68.08989,22,0.2579007,94.15652,Masculino,FALSE
4.815721,0,0,86.13078,28,0,88.34687,Masculino,TRUE
4.815721,0,0,86.13078,28,0,88.34687,Masculino,FALSE
4.48201,9,10,79.2547,40,2.160657,30.25455,Femenino,FALSE
4.898634,10,11,76.05367,43,0.1328174,99.21006,Femenino,FALSE
4.162492,1,2,75.41854,40,2.331253,27.57389,Femenino,TRUE
4.162492,1,2,75.41854,40,2.331253,27.57389,Femenino,FALSE
4.128791,0,0,83.46729,40,0.2096668,94.75404,Femenino,FALSE
4.539443,10,2,64.1585,26,2.136565,10.3335,Femenino,TRUE
4.777656,10,10,73.59653,28,1.470443,13.14876,Femenino,FALSE
4.777656,10,10,73.59653,28,1.470443,13.14876,Femenino,FALSE
4.185881,9,9,63.47331,42,1.994745,29.91853,Femenino,TRUE
4.185881,9,9,63.47331,42,1.994745,29.91853,Femenino,FALSE
4.524776,2,0,83.88287,26,0.0641099,97.80583,Masculino,TRUE
4.860337,0,9,57.22477,43,2.243764,32.85108,Masculino,FALSE
3.873766,0,0,84.38194,27,0.3825479,99.98014,Femenino,TRUE
3.873766,0,0,84.38194,27,0.3825479,99.98014,Femenino,TRUE
4.884481,11,1,80.43077,41,2.362669,30.87661,Femenino,FALSE
4.884481,11,1,80.43077,41,2.362669,30.87661,Femenino,FALSE
2.786564,9,7,81.00201,22,0.4946666,88.55143,Femenino,TRUE
2.786564,9,7,81.00201,22,0.4946666,88.55143,Femenino,TRUE
4.057551,0,2,68.95861,26,1.616304,62.28421,Femenino,FALSE
4.900248,0,13,86.50794,42,1.121613,31.76718,Masculino,FALSE
4.900248,0,13,86.50794,42,1.121613,31.76718,Masculino,FALSE
4.439411,2,5,82.50784,22,0.1515286,98.35916,Masculino,TRUE
4.81829,1,0,82.38259,23,1.587454,71.49578,Masculino,FALSE
4.798368,9,8,81.26046,42,0.3574661,33.51976,Masculino,TRUE
4.500037,0,0,80.55097,22,0.6831861,18.88423,Masculino,FALSE
4.500037,0,0,80.55097,22,0.6831861,18.88423,Masculino,FALSE
4.818464,4,4,79.80974,26,0.0979829,97.8714,Masculino,FALSE
4.904209,8,7,66.87299,40,1.982819,40.96166,Masculino,FALSE
4.432992,11,1,78.65373,24,0,94.78454,Masculino,FALSE
4.432992,11,1,78.65373,24,0,94.78454,Masculino,TRUE
3.558217,3,3,64.85765,42,0.0393541,100,Masculino,TRUE
4.556644,0,0,82.30291,26,1.947809,62.41203,Masculino,TRUE
4.569992,8,2,81.40827,23,1.723789,67.17878,Femenino,FALSE
4.064658,2,5,78.07925,21,2.775019,2.932562,Femenino,FALSE
3.693913,0,0,78.57743,27,1.588755,61.99251,Masculino,TRUE
3.693913,0,0,78.57743,27,1.588755,61.99251,Masculino,FALSE
4.584065,5,7,84.52026,22,0.4567847,7.688776,Femenino,FALSE
4.584065,5,7,84.52026,22,0.4567847,7.688776,Femenino,FALSE
2.957539,7,8,58.38243,39,1.124609,24.04313,Masculino,TRUE
4.81598,1,0,82.61179,24,1.582337,65.72356,Masculino,FALSE
4.81598,1,0,82.61179,24,1.582337,65.72356,Masculino,FALSE
4.674675,11,1,84.17245,26,0.1501284,100,Femenino,FALSE
4.422534,9,6,82.29561,25,0.434046,17.8137,Masculino,TRUE
4.422534,9,6,82.29561,25,0.434046,17.8137,Masculino,FALSE
4.910118,0,0,65.11629,27,0.1404239,30.98123,Masculino,FALSE
4.679744,6,4,63.32893,23,0.3308276,100,Masculino,FALSE
4.409014,5,0,81.83607,27,0.381431,100,Masculino,FALSE
4.409014,5,0,81.83607,27,0.381431,100,Masculino,FALSE
4.871647,0,13,79.75407,40,0.0129456,93.61543,Femenino,FALSE
3.633252,3,1,65.42078,42,0.1365113,98.28806,Masculino,FALSE
3.633252,3,1,65.42078,42,0.1365113,98.28806,Masculino,TRUE
3.484243,10,5,77.89105,22,0,100,Femenino,TRUE
3.484243,10,5,77.89105,22,0,100,Femenino,TRUE
4.59475,6,11,80.34301,29,0.0580445,94.85842,Femenino,FALSE
4.59475,6,11,80.34301,29,0.0580445,94.85842,Femenino,TRUE
3.995016,0,2,58.50018,23,0.6461803,100,Masculino,FALSE
4.859484,0,12,86.0548,39,0.8782167,25.61719,Masculino,FALSE
4.859484,0,12,86.0548,39,0.8782167,25.61719,Masculino,FALSE
4.229476,9,2,71.11922,25,0,100,Masculino,FALSE
4.597467,6,8,67.12028,22,0.3511603,100,Femenino,FALSE
3.013145,8,5,66.31312,25,1.5937,15.45335,Femenino,TRUE
3.013145,8,5,66.31312,25,1.5937,15.45335,Femenino,TRUE
4.289337,7,1,94.30833,20,0.0103114,96.26533,Femenino,FALSE
4.289337,7,1,94.30833,20,0.0103114,96.26533,Femenino,FALSE
4.411003,3,10,93.70937,20,0.0698564,96.25652,Masculino,TRUE
4.421556,11,4,71.30481,27,1.53579,58.19331,Femenino,FALSE
4.759113,11,0,82.30917,41,2.607955,26.63846,Femenino,FALSE
4.11744,0,4,85.88854,26,1.420678,8.191793,Masculino,TRUE
3.201504,2,3,85.5032,29,0.9241372,31.60292,Femenino,TRUE
3.201504,2,3,85.5032,29,0.9241372,31.60292,Femenino,TRUE
4.440432,0,0,77.61508,25,0.7544991,99.38573,Femenino,TRUE
4.855248,8,9,74.53052,27,1.65713,48.80001,Femenino,FALSE
4.065008,0,0,59.30267,26,0.814535,62.16021,Masculino,FALSE
3.534862,5,6,77.10094,27,0.1575675,96.57417,Masculino,FALSE
3.534862,5,6,77.10094,27,0.1575675,96.57417,Masculino,FALSE
4.734567,10,6,77.95779,24,0.7802606,30.304,Femenino,TRUE
4.734567,10,6,77.95779,24,0.7802606,30.304,Femenino,FALSE
4.257674,10,11,63.86605,25,0.6149802,33.15396,Masculino,FALSE
4.257674,10,11,63.86605,25,0.6149802,33.15396,Masculino,FALSE
4.90525,6,4,81.54483,42,0.408407,100,Masculino,TRUE
4.90525,6,4,81.54483,42,0.408407,100,Masculino,TRUE
4.767376,6,6,72.87588,41,1.219577,33.12653,Femenino,FALSE
4.827156,10,1,66.5472,27,1.983284,29.59913,Masculino,FALSE
2.981655,0,0,81.33369,26,0.392759,99.0277,Masculino,TRUE
4.611129,11,6,77.63724,22,0.4677534,12.36089,Masculino,FALSE
4.525318,7,6,59.42576,41,1.122607,19.75723,Femenino,FALSE
4.525318,7,6,59.42576,41,1.122607,19.75723,Femenino,FALSE
4.776493,0,5,79.81447,40,0.8091338,28.30659,Femenino,FALSE
4.776493,0,5,79.81447,40,0.8091338,28.30659,Femenino,TRUE
4.8205,2,0,74.62224,28,0.923192,27.8389,Femenino,FALSE
4.399107,7,5,62.40026,40,0.0397053,100,Masculino,TRUE
4.646615,2,2,70.01102,21,0.2994297,94.66707,Masculino,FALSE
4.034456,0,4,58.71862,39,0.8796004,23.12011,Masculino,FALSE
4.483561,4,4,82.54785,24,0.6937315,99.70088,Masculino,FALSE
3.50102,8,5,90.50089,19,0,97.61493,Femenino,FALSE
4.512391,0,0,73.43674,40,2.388754,30.86538,Femenino,TRUE
4.934688,0,8,71.34473,23,0.8402065,41.07164,Masculino,FALSE
4.959404,0,3,66.01149,25,1.098734,56.25574,Femenino,FALSE
4.959404,0,3,66.01149,25,1.098734,56.25574,Femenino,FALSE
4.614746,2,1,66.62226,22,0.5206086,90.4333,Femenino,FALSE
5,8,3,81.77174,40,0.7959449,28.7504,Femenino,FALSE
3.929882,0,0,80.38905,20,0.7707244,74.28785,Masculino,FALSE
3.929882,0,0,80.38905,20,0.7707244,74.28785,Masculino,FALSE
4.233325,4,1,50.97528,40,1.794731,42.25671,Masculino,FALSE
4.810914,6,3,58.28044,26,0.5039822,98.61446,Masculino,FALSE
4.810914,6,3,58.28044,26,0.5039822,98.61446,Masculino,FALSE
4.964624,3,9,85.68005,39,0.9280261,34.66274,Femenino,FALSE
4.244325,3,0,63.91488,28,1.624396,31.8014,Masculino,TRUE
4.655987,10,12,88.82571,27,1.615154,5.87499,Masculino,FALSE
4.73642,10,8,83.72761,41,0,100,Femenino,FALSE
4.590353,1,3,80.14216,22,1.180587,25.48288,Masculino,FALSE
4.590353,1,3,80.14216,22,1.180587,25.48288,Masculino,FALSE
3.333735,6,13,74.30887,42,1.365345,24.17864,Masculino,FALSE
3.333735,6,13,74.30887,42,1.365345,24.17864,Masculino,TRUE
4.862409,8,2,79.05794,27,1.188546,10.88648,Masculino,FALSE
4.657451,9,3,71.87595,43,0.9683094,17.25578,Masculino,TRUE
4.657451,9,3,71.87595,43,0.9683094,17.25578,Masculino,FALSE
4.323247,3,4,68.31005,39,0,100,Femenino,FALSE
4.323247,3,4,68.31005,39,0,100,Femenino,TRUE
4.506237,0,1,55.45218,25,1.197979,71.04034,Femenino,FALSE
4.844588,9,11,65.36824,24,0.6911025,97.63889,Masculino,FALSE
4.844588,9,11,65.36824,24,0.6911025,97.63889,Masculino,FALSE
3.646686,7,2,80.96581,27,0.5173625,33.14091,Masculino,FALSE
4.138816,8,4,68.10941,41,1.666723,33.83172,Masculino,FALSE
2.940776,7,5,65.84815,27,1.429423,17.83424,Femenino,TRUE
2.940776,7,5,65.84815,27,1.429423,17.83424,Femenino,TRUE
4.283021,5,7,60.57835,23,0.7003766,100,Masculino,FALSE
3.377224,5,12,76.20264,43,1.422285,28.06649,Masculino,FALSE
3.377224,5,12,76.20264,43,1.422285,28.06649,Masculino,FALSE
4.236278,10,12,83.18372,26,1.484423,63.748,Masculino,FALSE
4.236278,10,12,83.18372,26,1.484423,63.748,Masculino,FALSE
4.887325,10,16,74.60656,26,1.467258,76.18801,Masculino,TRUE
4.556139,1,0,76.42233,40,2.316895,30.19552,Femenino,FALSE
4.556139,1,0,76.42233,40,2.316895,30.19552,Femenino,FALSE
2.946731,8,6,60.6446,22,0.4839719,94.7941,Masculino,FALSE
2.946731,8,6,60.6446,22,0.4839719,94.7941,Masculino,FALSE
4.571652,9,5,81.3427,24,0,100,Femenino,FALSE
4.872586,4,2,83.4964,27,0.2990049,28.9222,Masculino,FALSE
4.872586,4,2,83.4964,27,0.2990049,28.9222,Masculino,FALSE
4.068861,3,7,61.61972,40,1.092546,29.18534,Femenino,FALSE
4.068861,3,7,61.61972,40,1.092546,29.18534,Femenino,TRUE
2.804478,6,4,72.99467,27,0.371423,93.92748,Femenino,TRUE
4.293042,0,0,79.13823,22,0,95.26018,Femenino,TRUE
4.950159,4,3,85.25203,28,1.196795,12.21453,Masculino,FALSE
4.950159,4,3,85.25203,28,1.196795,12.21453,Masculino,FALSE
4.826073,3,5,66.09874,28,1.56114,15.73934,Masculino,FALSE
4.826073,3,5,66.09874,28,1.56114,15.73934,Masculino,FALSE
2.862964,6,3,73.08997,25,0.3571662,100,Femenino,TRUE
2.862964,6,3,73.08997,25,0.3571662,100,Femenino,TRUE
4.054444,1,4,78.35145,18,2.663167,6.066078,Femenino,TRUE
4.054444,1,4,78.35145,18,2.663167,6.066078,Femenino,TRUE
4.974561,7,12,86.19704,27,0.185401,100,Femenino,FALSE
4.048344,11,4,71.32983,40,0.7722339,16.6813,Masculino,FALSE
4.048344,11,4,71.32983,40,0.7722339,16.6813,Masculino,TRUE
4.402069,0,0,60.67372,23,0.5340474,100,Femenino,FALSE
3.176095,9,6,85.5517,26,0,100,Femenino,TRUE
3.176095,9,6,85.5517,26,0,100,Femenino,FALSE
2.926152,6,5,81.85213,26,0,94.68987,Masculino,TRUE
2.926152,6,5,81.85213,26,0,94.68987,Masculino,TRUE
5,5,8,78.31142,22,0,100,Femenino,FALSE
5,5,8,78.31142,22,0,100,Femenino,FALSE
4.018928,4,0,74.06504,21,0.3039623,100,Masculino,TRUE
3.01773,10,2,70.14403,26,1.298642,64.66871,Masculino,FALSE
3.01773,10,2,70.14403,26,1.298642,64.66871,Masculino,TRUE
4.628338,1,7,78.97315,26,1.234547,31.62185,Femenino,FALSE
4.628338,1,7,78.97315,26,1.234547,31.62185,Femenino,FALSE
4.21193,6,4,86.79635,43,0.1479765,37.40196,Masculino,FALSE
3.329432,10,8,65.72187,27,1.288616,65.73573,Masculino,FALSE
4.545496,8,3,88.03722,28,0.0922003,96.41065,Masculino,FALSE
4.539003,2,6,61.25744,21,0,11.12046,Femenino,FALSE
4.339594,9,10,76.34562,40,0.1524061,100,Femenino,TRUE
4.122287,8,8,76.69305,27,0.5627601,96.73448,Masculino,FALSE
4.122287,8,8,76.69305,27,0.5627601,96.73448,Masculino,FALSE
3.478351,0,0,70.57601,42,2.523185,31.95267,Femenino,TRUE
3.478351,0,0,70.57601,42,2.523185,31.95267,Femenino,TRUE
2.977615,9,2,72.93326,27,1.316585,62.89126,Masculino,TRUE
2.977615,9,2,72.93326,27,1.316585,62.89126,Masculino,TRUE
4.595376,4,7,79.14301,26,1.573138,11.75543,Femenino,FALSE
4.826848,7,0,74.64607,28,0.5896575,11.1746,Masculino,TRUE
4.826848,7,0,74.64607,28,0.5896575,11.1746,Masculino,FALSE
4.208743,9,6,72.79548,21,0.8418892,21.32377,Femenino,TRUE
4.208743,9,6,72.79548,21,0.8418892,21.32377,Femenino,FALSE
4.656244,0,0,84.54134,27,0.04815,99.48994,Femenino,TRUE
4.972316,7,5,58.77494,42,2.373394,34.72214,Femenino,FALSE
4.972316,7,5,58.77494,42,2.373394,34.72214,Femenino,FALSE
4.519891,4,4,78.30085,41,0.7450922,18.23957,Femenino,TRUE
4.519891,4,4,78.30085,41,0.7450922,18.23957,Femenino,FALSE
3.760835,4,2,57.39819,23,0.6728061,98.96043,Masculino,TRUE
3.760835,4,2,57.39819,23,0.6728061,98.96043,Masculino,FALSE
4.988302,11,11,86.15776,40,1.045366,42.86195,Femenino,FALSE
4.988302,11,11,86.15776,40,1.045366,42.86195,Femenino,FALSE
4.910124,0,12,84.97812,41,0.9173375,27.25723,Masculino,FALSE
4.241099,4,1,50.80325,39,2.076518,28.45366,Masculino,FALSE
4.345259,10,6,69.39259,44,1.441971,34.49492,Masculino,FALSE
4.777596,1,0,72.55871,41,1.992417,29.21534,Masculino,FALSE
4.65945,6,1,65.36107,42,1.513836,38.3317,Masculino,TRUE
4.65945,6,1,65.36107,42,1.513836,38.3317,Masculino,FALSE
4.619642,2,4,64.74497,23,0.1394296,100,Masculino,FALSE
4.619642,2,4,64.74497,23,0.1394296,100,Masculino,FALSE
4.386642,6,9,84.14066,28,0.0442793,100,Masculino,TRUE
4.386642,6,9,84.14066,28,0.0442793,100,Masculino,FALSE
4.487201,10,8,78.46582,40,0.0007652,100,Masculino,TRUE
4.487201,10,8,78.46582,40,0.0007652,100,Masculino,FALSE
4.547061,1,3,75.41151,41,0.9065833,22.86499,Masculino,TRUE
4.869464,4,3,74.21615,27,0.1994017,94.31498,Masculino,FALSE
4.129928,10,2,73.66667,43,2.752576,38.32052,Masculino,TRUE
3.95263,0,2,60.19767,41,1.033238,31.45342,Masculino,FALSE
3.95263,0,2,60.19767,41,1.033238,31.45342,Masculino,FALSE
4.480249,0,6,68.47486,40,2.000423,35.63557,Masculino,TRUE
4.480249,0,6,68.47486,40,2.000423,35.63557,Masculino,FALSE
4.887703,0,0,67.19405,41,1.058816,25.32689,Masculino,FALSE
4.272741,9,8,76.1344,23,2.919327,1.25,Masculino,TRUE
4.885859,3,0,75.9278,26,1.050139,20.4194,Femenino,FALSE
4.390446,4,2,65.66136,22,0.686169,100,Masculino,TRUE
4.889132,5,4,63.86069,27,1.653565,63.07135,Masculino,FALSE
2.986561,8,6,61.45184,22,0.6956117,100,Masculino,FALSE
2.986561,8,6,61.45184,22,0.6956117,100,Masculino,FALSE
4.554213,6,12,68.24023,42,1.992015,32.4538,Femenino,FALSE
4.036471,7,4,66.97694,40,1.499673,34.45996,Femenino,TRUE
4.213758,0,2,84.91862,28,1.276277,10.54981,Masculino,FALSE
5,0,3,82.13332,39,0,100,Femenino,FALSE
4.457776,0,0,75.45177,26,0.5888901,97.29448,Femenino,TRUE
4.457776,0,0,75.45177,26,0.5888901,97.29448,Femenino,FALSE
4.08225,5,0,69.00919,28,0.6655543,100,Femenino,FALSE
3.493659,8,6,90.69466,20,0,100,Femenino,TRUE
3.493659,8,6,90.69466,20,0,100,Femenino,TRUE
5,3,0,80.41773,29,0.585488,36.95287,Femenino,FALSE
4.286877,7,7,60.71967,22,0.6499318,89.91188,Masculino,FALSE
4.452387,8,2,65.86207,24,0.6982197,99.26151,Femenino,FALSE
4.407571,2,3,80.79577,27,1.476161,68.54005,Masculino,FALSE
4.396713,4,2,85.99834,26,0,100,Femenino,FALSE
4.396713,4,2,85.99834,26,0,100,Femenino,FALSE
4.410615,9,16,65.93877,43,2.263768,29.46955,Masculino,FALSE
4.082657,6,3,61.42604,42,3.06727,9.369385,Masculino,FALSE
4.082657,6,3,61.42604,42,3.06727,9.369385,Masculino,FALSE
4.682486,0,5,88.93505,39,0.9707199,32.85693,Femenino,TRUE
4.844633,5,3,84.22574,27,0.114323,100,Masculino,FALSE
4.066472,4,9,58.26328,40,0.8796039,20.46591,Femenino,FALSE
3.077124,8,6,60.67578,21,0.6530885,100,Masculino,FALSE
3.077124,8,6,60.67578,21,0.6530885,100,Masculino,TRUE
4.944656,4,3,79.0614,27,1.188675,7.498198,Masculino,FALSE
4.049883,3,6,67.98373,26,1.461722,8.979694,Masculino,FALSE
4.339544,2,5,70.64487,25,0.579312,95.66273,Femenino,FALSE
4.749542,7,1,81.09925,42,0.8190531,37.18595,Masculino,FALSE
4.57058,0,10,81.90735,26,0.3666154,34.59425,Femenino,TRUE
4.57058,0,10,81.90735,26,0.3666154,34.59425,Femenino,FALSE
5,0,13,85.7658,43,1.127186,26.24301,Masculino,FALSE
4.909872,0,2,88.05566,43,0.9904939,20.23363,Femenino,FALSE
4.771926,6,8,61.9264,26,1.10263,66.76958,Masculino,TRUE
4.771926,6,8,61.9264,26,1.10263,66.76958,Masculino,FALSE
4.789144,3,1,79.69407,28,0.2839161,22.82016,Masculino,FALSE
3.402114,0,4,82.53102,29,0.0708355,93.8154,Masculino,FALSE
3.402114,0,4,82.53102,29,0.0708355,93.8154,Masculino,FALSE
3.611991,4,2,63.55794,41,0,100,Masculino,FALSE
3.611991,4,2,63.55794,41,0,100,Masculino,FALSE
4.218739,2,6,71.62536,25,0.427138,100,Femenino,TRUE
4.785985,3,0,74.82512,28,1.126753,31.57696,Femenino,FALSE
4.785985,3,0,74.82512,28,1.126753,31.57696,Femenino,FALSE
4.188059,2,1,64.647,27,1.18285,21.88776,Masculino,TRUE
4.188059,2,1,64.647,27,1.18285,21.88776,Masculino,TRUE
4.946841,10,3,85.6867,29,0.1292474,91.38784,Masculino,FALSE
4.946841,10,3,85.6867,29,0.1292474,91.38784,Masculino,FALSE
4.858411,0,12,78.11794,22,0.3461017,12.42424,Masculino,FALSE
4.653382,0,1,69.44698,38,2.154856,27.91365,Femenino,FALSE
4.150181,4,8,83.75993,42,0.5341721,26.48985,Masculino,FALSE
4.816766,0,0,88.52361,38,1.159592,20.60116,Masculino,FALSE
4.184764,5,0,85.15111,26,0,100,Femenino,TRUE
2.943713,10,7,79.60698,21,0.6143403,77.62009,Femenino,TRUE
4.865767,1,4,68.43398,27,1.788631,63.24997,Masculino,TRUE
4.902164,4,10,83.0583,25,0,100,Femenino,FALSE
3.687246,10,13,92.81293,21,0.2437979,98.20586,Femenino,TRUE
3.687246,10,13,92.81293,21,0.2437979,98.20586,Femenino,TRUE
4.287769,9,3,80.94673,26,0,96.08738,Femenino,FALSE
4.287769,9,3,80.94673,26,0,96.08738,Femenino,TRUE
4.624443,1,0,83.58855,24,0,98.38599,Masculino,FALSE
4.368051,5,0,84.14149,25,0.4067906,100,Masculino,FALSE
4.368051,5,0,84.14149,25,0.4067906,100,Masculino,FALSE
4.784898,0,0,79.21615,27,0.3732118,100,Femenino,FALSE
4.784898,0,0,79.21615,27,0.3732118,100,Femenino,FALSE
4.784587,3,5,79.42819,22,1.380668,29.45994,Masculino,TRUE
4.93913,7,14,82.52371,41,0.1729837,97.56266,Masculino,TRUE
4.935232,1,3,78.5551,24,0,98.20898,Masculino,TRUE
4.195817,0,4,80.66942,27,1.191608,11.36516,Femenino,FALSE
4.846809,10,6,87.97778,26,0.0400826,96.43103,Femenino,FALSE
4.846809,10,6,87.97778,26,0.0400826,96.43103,Femenino,TRUE
4.323875,0,0,82.02357,41,0.2987458,100,Femenino,FALSE
4.680355,9,2,74.85192,42,0.7517189,27.27627,Masculino,FALSE
4.912781,0,12,86.71773,26,0.1670501,100,Femenino,FALSE
4.912781,0,12,86.71773,26,0.1670501,100,Femenino,FALSE
3.51037,5,2,63.35925,42,0.0480472,99.07137,Masculino,FALSE
4.754649,2,0,74.06461,28,0.903838,26.77084,Femenino,FALSE
4.91736,2,1,73.34095,40,0.4357339,96.49805,Femenino,FALSE
4.91736,2,1,73.34095,40,0.4357339,96.49805,Femenino,TRUE
4.161264,1,3,64.21232,39,2.102474,18.70035,Femenino,FALSE
4.936488,9,16,72.01464,27,1.339519,62.73456,Masculino,TRUE
4.244065,0,1,85.8451,27,1.195761,3.219895,Masculino,FALSE
4.244065,0,1,85.8451,27,1.195761,3.219895,Masculino,FALSE
3.179206,8,11,60.88288,43,0.0499581,100,Masculino,TRUE
4.723128,0,0,69.78343,26,1.365585,69.23889,Masculino,FALSE
4.731745,0,0,55.35548,26,2.3577,28.97958,Masculino,FALSE
4.731745,0,0,55.35548,26,2.3577,28.97958,Masculino,FALSE
4.153089,9,7,91.33328,19,0,100,Femenino,FALSE
4.153089,9,7,91.33328,19,0,100,Femenino,TRUE
4.510713,7,7,85.40467,26,0,100,Femenino,FALSE
4.618477,0,1,79.12587,43,2.447649,35.95684,Femenino,FALSE
4.618477,0,1,79.12587,43,2.447649,35.95684,Femenino,TRUE
4.774342,6,2,67.16689,41,2.339555,25.22425,Masculino,FALSE
4.774342,6,2,67.16689,41,2.339555,25.22425,Masculino,TRUE
4.060119,8,9,75.86182,41,0.2604588,98.99798,Femenino,TRUE
4.167494,10,8,73.83591,23,2.951231,6.020952,Masculino,FALSE
4.858745,6,9,60.73431,30,0.087713,100,Masculino,FALSE
4.836128,11,10,73.7797,26,3.001081,3.807092,Masculino,TRUE
4.836128,11,10,73.7797,26,3.001081,3.807092,Masculino,FALSE
4.832707,7,2,71.21764,20,0.4969487,73.02671,Masculino,FALSE
4.832707,7,2,71.21764,20,0.4969487,73.02671,Masculino,FALSE
4.131318,8,2,71.29191,25,0.4047097,94.58422,Femenino,FALSE
4.446129,8,16,68.65282,43,2.127175,29.11408,Masculino,FALSE
4.446129,8,16,68.65282,43,2.127175,29.11408,Masculino,TRUE
4.417117,8,10,82.78983,27,0,100,Femenino,TRUE
4.22246,0,8,62.65071,27,1.394377,15.5088,Masculino,FALSE
4.22246,0,8,62.65071,27,1.394377,15.5088,Masculino,FALSE
4.497919,1,2,82.54611,43,2.50034,36.33545,Femenino,FALSE
4.497919,1,2,82.54611,43,2.50034,36.33545,Femenino,FALSE
4.554726,5,12,83.96765,41,0.4494527,30.14239,Masculino,FALSE
2.95322,1,4,66.87563,24,0.5304768,100,Masculino,FALSE
2.95322,1,4,66.87563,24,0.5304768,100,Masculino,FALSE
4.400852,9,9,79.98518,28,0.0429335,95.42784,Femenino,FALSE
4.124349,4,1,75.03498,23,0.3601239,88.92398,Masculino,FALSE
4.124349,4,1,75.03498,23,0.3601239,88.92398,Masculino,FALSE
4.395707,0,0,65.92445,41,1.023664,16.26508,Femenino,FALSE
4.154427,11,8,74.59134,24,2.941028,2.932587,Masculino,FALSE
4.154427,11,8,74.59134,24,2.941028,2.932587,Masculino,FALSE
4.710096,5,7,82.31159,28,0.2063169,100,Masculino,TRUE
4.710096,5,7,82.31159,28,0.2063169,100,Masculino,TRUE
4.892382,0,3,68.52546,27,0.636815,29.3165,Femenino,FALSE
4.575158,6,4,85.18353,26,0,100,Femenino,FALSE
4.449913,5,7,72.72362,26,1.377272,66.93704,Masculino,FALSE
4.449913,5,7,72.72362,26,1.377272,66.93704,Masculino,FALSE
4.212886,8,2,85.28426,26,0,94.37221,Femenino,FALSE
4.212886,8,2,85.28426,26,0,94.37221,Femenino,FALSE
3.154187,9,5,86.03268,25,0.0734319,95.80461,Femenino,FALSE
3.154187,9,5,86.03268,25,0.0734319,95.80461,Femenino,FALSE
4.664186,0,0,88.94741,39,0.4968157,32.15306,Masculino,FALSE
4.707045,7,0,80.8727,41,1.041031,25.09803,Masculino,TRUE
4.698236,0,13,80.94379,24,0.3913333,100,Femenino,FALSE
4.443712,5,8,86.15105,26,0.0096011,100,Masculino,TRUE
4.443712,5,8,86.15105,26,0.0096011,100,Masculino,FALSE
4.828742,8,9,83.37651,41,0.5290024,31.14816,Masculino,FALSE
4.828742,8,9,83.37651,41,0.5290024,31.14816,Masculino,FALSE
4.831872,6,15,70.66418,40,0.4137288,99.41694,Masculino,FALSE
4.743266,3,7,83.07037,26,0,100,Masculino,TRUE
4.743266,3,7,83.07037,26,0,100,Masculino,FALSE
4.519206,3,4,63.25393,26,1.936921,80.2211,Masculino,FALSE
5,1,4,80.37404,24,0,96.51276,Masculino,TRUE
5,1,4,80.37404,24,0,96.51276,Masculino,FALSE
4.942465,0,0,71.56162,39,1.755454,33.47405,Masculino,FALSE
4.612484,5,13,86.24342,41,0.4986001,29.78143,Masculino,FALSE
4.612484,5,13,86.24342,41,0.4986001,29.78143,Masculino,FALSE
3.422418,0,0,72.77777,42,2.700812,35.20536,Femenino,FALSE
3.422418,0,0,72.77777,42,2.700812,35.20536,Femenino,FALSE
4.789736,0,0,69.88482,24,0.0359251,94.58639,Masculino,FALSE
4.789736,0,0,69.88482,24,0.0359251,94.58639,Masculino,FALSE
4.322926,8,0,77.00951,27,0.8408943,26.2613,Masculino,FALSE
4.322926,8,0,77.00951,27,0.8408943,26.2613,Masculino,FALSE
4.96279,5,6,82.31535,26,1.150886,7.909025,Femenino,FALSE
4.014114,6,6,84.24933,27,0,100,Femenino,TRUE
4.014114,6,6,84.24933,27,0,100,Femenino,FALSE
4.618917,8,6,80.05599,25,0.3204611,99.07771,Masculino,FALSE
4.618917,8,6,80.05599,25,0.3204611,99.07771,Masculino,TRUE
4.713881,7,1,80.07035,42,1.038916,29.66536,Masculino,TRUE
4.237399,1,8,70.6239,29,0.3417599,100,Masculino,TRUE
4.237399,1,8,70.6239,29,0.3417599,100,Masculino,FALSE
4.644486,4,0,79.47363,23,0.048974,100,Masculino,FALSE
5,9,4,72.97357,40,0.3806617,100,Femenino,FALSE
4.657947,8,6,72.46564,42,0.3180276,25.80777,Masculino,FALSE
4.973785,5,6,84.42428,41,0.5113527,36.30086,Masculino,FALSE
3.215111,0,2,87.43271,28,0.7565081,30.03917,Femenino,FALSE
3.215111,0,2,87.43271,28,0.7565081,30.03917,Femenino,FALSE
4.484543,0,0,84.98278,43,0.9937963,35.12693,Masculino,FALSE
5,11,3,76.18988,41,0.5890398,21.74701,Masculino,FALSE
4.298048,9,1,67.53112,25,1.074712,24.42071,Masculino,FALSE
3.696853,10,6,75.43713,42,0.5368372,23.03746,Femenino,TRUE
3.757919,5,2,59.78363,23,0.5799611,100,Masculino,TRUE
3.757919,5,2,59.78363,23,0.5799611,100,Masculino,FALSE
4.414966,6,7,85.76794,26,0.0783476,100,Femenino,TRUE
2.787972,6,3,75.86082,27,0.3662103,98.47513,Femenino,TRUE
2.787972,6,3,75.86082,27,0.3662103,98.47513,Femenino,TRUE
4.629862,0,5,68.06058,24,0.0949976,100,Masculino,TRUE
4.873508,9,3,71.09586,41,1.900477,31.4365,Masculino,FALSE
4.253769,0,6,67.21259,27,1.278121,67.25232,Masculino,FALSE
4.742992,3,4,67.21994,42,0.0497715,100,Masculino,TRUE
4.322545,3,3,80.28395,25,0.4653612,98.2243,Femenino,FALSE
4.322545,3,3,80.28395,25,0.4653612,98.2243,Femenino,FALSE
3.04697,0,5,82.15594,42,0.5334055,29.51627,Masculino,TRUE
3.04697,0,5,82.15594,42,0.5334055,29.51627,Masculino,TRUE
4.916335,12,0,79.60719,41,2.460704,29.2265,Femenino,TRUE
4.916335,12,0,79.60719,41,2.460704,29.2265,Femenino,FALSE
4.358922,9,16,89.61456,42,0.9106796,35.83182,Masculino,FALSE
4.358922,9,16,89.61456,42,0.9106796,35.83182,Masculino,FALSE
4.370624,0,0,80.80363,25,0.6014049,98.47342,Femenino,FALSE
4.370624,0,0,80.80363,25,0.6014049,98.47342,Femenino,FALSE
4.904491,4,7,81.55586,44,0.537272,100,Femenino,FALSE
4.783612,9,6,85.64012,39,0.9499512,29.16348,Masculino,FALSE
4.920061,3,2,70.4457,27,1.22513,23.43588,Femenino,FALSE
4.920061,3,2,70.4457,27,1.22513,23.43588,Femenino,FALSE
4.35705,10,7,72.25066,42,1.502128,33.48096,Masculino,FALSE
4.297008,3,1,73.79787,24,1.404633,18.91636,Masculino,FALSE
4.720742,6,10,86.81259,43,1.176383,33.65842,Femenino,FALSE
4.720742,6,10,86.81259,43,1.176383,33.65842,Femenino,FALSE
4.610191,10,7,73.12437,40,0.620796,36.68772,Femenino,TRUE
4.610191,10,7,73.12437,40,0.620796,36.68772,Femenino,TRUE
4.166776,10,1,83.21085,26,0,99.83545,Masculino,TRUE
4.166776,10,1,83.21085,26,0,99.83545,Masculino,TRUE
5,7,0,58.49332,26,1.254062,27.15796,Masculino,FALSE
5,7,0,58.49332,26,1.254062,27.15796,Masculino,FALSE
4.379778,6,4,73.40346,39,0.4620928,100,Femenino,FALSE
3.855614,11,3,80.70415,26,0.4969556,98.91753,Masculino,FALSE
3.855614,11,3,80.70415,26,0.4969556,98.91753,Masculino,TRUE
4.670663,6,2,85.73727,38,0.9178428,18.75214,Masculino,FALSE
5,0,0,73.36533,24,1.5724,21.53864,Masculino,TRUE
4.626928,4,14,79.9493,25,2.598764,22.90264,Masculino,FALSE
4.626928,4,14,79.9493,25,2.598764,22.90264,Masculino,FALSE
4.969491,4,9,84.16027,27,0.0268466,98.13719,Femenino,FALSE
4.808852,0,3,87.62223,20,0,100,Femenino,FALSE
4.903263,5,3,57.43801,24,0.5107269,100,Masculino,FALSE
4.903263,5,3,57.43801,24,0.5107269,100,Masculino,FALSE
4.336372,11,4,85.82802,19,0.5086122,100,Femenino,TRUE
4.336372,11,4,85.82802,19,0.5086122,100,Femenino,TRUE
4.611825,0,0,87.6544,26,0,100,Femenino,FALSE
4.840082,1,1,79.7182,42,0.8000799,21.4133,Masculino,FALSE
4.798899,8,6,78.35015,28,0.2976273,100,Masculino,FALSE
4.158825,3,4,93.99969,26,0.5650333,84.30542,Masculino,FALSE
4.805326,8,8,80.28281,27,1.399667,64.19838,Femenino,FALSE
4.440175,8,13,83.66895,27,0.0666492,93.74591,Masculino,FALSE
4.535948,3,15,78.09482,42,2.529264,26.05241,Masculino,FALSE
4.535948,3,15,78.09482,42,2.529264,26.05241,Masculino,FALSE
4.793092,11,3,63.19887,41,0,95.47412,Masculino,TRUE
2.975604,10,7,77.72766,23,0.6982645,28.06734,Femenino,FALSE
2.975604,10,7,77.72766,23,0.6982645,28.06734,Femenino,FALSE
4.033453,0,0,83.26757,19,0.7549545,78.14397,Masculino,FALSE
4.834522,11,9,72.64747,27,2.94831,1.25,Masculino,FALSE
4.398365,0,2,59.09731,25,0.8026786,100,Femenino,FALSE
4.398365,0,2,59.09731,25,0.8026786,100,Femenino,FALSE
3.777952,4,3,59.01245,24,0.5260813,100,Masculino,TRUE
3.777952,4,3,59.01245,24,0.5260813,100,Masculino,FALSE
4.753298,7,8,82.77639,39,1.044113,30.88174,Masculino,FALSE
4.636559,4,3,66.02694,41,0.5475488,100,Masculino,FALSE
2.889814,9,7,81.168,21,0.5847502,75.26361,Femenino,FALSE
2.889814,9,7,81.168,21,0.5847502,75.26361,Femenino,FALSE
4.800004,11,3,68.73129,22,0.3613873,100,Masculino,FALSE
4.744017,8,9,79.95119,40,1.437368,40.89319,Femenino,FALSE
4.857728,7,7,79.29919,40,0.4053226,22.00831,Femenino,TRUE
4.337778,1,2,58.87131,23,0.6726293,100,Masculino,FALSE
4.337778,1,2,58.87131,23,0.6726293,100,Masculino,FALSE
3.594208,4,4,59.30917,38,2.432142,32.95773,Masculino,FALSE
3.594208,4,4,59.30917,38,2.432142,32.95773,Masculino,TRUE
4.842582,8,2,78.07973,27,0.5105368,94.53233,Femenino,TRUE
4.842582,8,2,78.07973,27,0.5105368,94.53233,Femenino,FALSE
4.221714,1,10,74.92877,39,2.185111,35.30856,Masculino,FALSE
4.43155,3,6,61.69791,24,0.0069725,11.66283,Femenino,TRUE
4.950471,6,4,67.38425,41,0,100,Masculino,FALSE
4.300526,1,6,74.49953,40,0.4980605,33.14922,Masculino,TRUE
4.205368,5,5,77.06927,42,2.39017,33.30015,Masculino,FALSE
4.205368,5,5,77.06927,42,2.39017,33.30015,Masculino,FALSE
4.240347,9,5,65.04903,23,0.7306433,95.10834,Masculino,FALSE
4.240347,9,5,65.04903,23,0.7306433,95.10834,Masculino,FALSE
4.148698,9,5,77.95285,39,2.159969,42.25755,Femenino,FALSE
4.92262,1,10,86.51439,39,0.8660145,33.0965,Masculino,TRUE
4.308711,7,4,80.57024,26,0.0627141,97.02369,Femenino,TRUE
4.226187,11,10,64.10372,25,0.577672,35.13002,Masculino,FALSE
4.226187,11,10,64.10372,25,0.577672,35.13002,Masculino,TRUE
4.63835,7,5,82.77241,41,2.325336,30.42653,Masculino,TRUE
4.330381,7,4,64.9931,28,0.2457431,100,Masculino,TRUE
4.330381,7,4,64.9931,28,0.2457431,100,Masculino,TRUE
4.827644,11,3,63.01709,41,0.1319369,96.64169,Masculino,FALSE
3.646111,11,5,73.55038,39,0.5288176,21.72425,Femenino,TRUE
3.646111,11,5,73.55038,39,0.5288176,21.72425,Femenino,FALSE
5,9,13,86.10483,39,0.4096712,26.884,Femenino,TRUE
5,9,13,86.10483,39,0.4096712,26.884,Femenino,FALSE
4.785836,11,4,83.16074,24,0.3521668,13.26038,Masculino,FALSE
4.785836,11,4,83.16074,24,0.3521668,13.26038,Masculino,FALSE
4.781766,9,0,82.43118,26,0,91.23013,Masculino,TRUE
4.638404,6,13,76.53685,41,0,100,Femenino,FALSE
4.638404,6,13,76.53685,41,0,100,Femenino,FALSE
4.498845,0,8,64.54018,40,1.467881,33.7625,Femenino,FALSE
4.498845,0,8,64.54018,40,1.467881,33.7625,Femenino,FALSE
4.742496,0,0,90.6797,28,0.2705251,46.4133,Masculino,TRUE
4.74838,5,2,59.44323,23,1.108357,22.91467,Femenino,FALSE
3.886851,6,15,84.8902,26,0.0458322,96.86773,Masculino,FALSE
3.886851,6,15,84.8902,26,0.0458322,96.86773,Masculino,FALSE
3.914584,5,0,81.47282,27,0.0217313,97.09431,Femenino,FALSE
2.802732,8,5,68.25909,28,1.41488,26.57887,Femenino,TRUE
2.802732,8,5,68.25909,28,1.41488,26.57887,Femenino,TRUE
4.937562,11,0,85.19463,40,1.090142,21.42629,Femenino,FALSE
2.929751,0,0,81.89677,26,0.3641895,100,Masculino,TRUE
4.048149,5,3,77.35623,40,1.711199,32.77214,Femenino,FALSE
4.048149,5,3,77.35623,40,1.711199,32.77214,Femenino,FALSE
4.653389,8,12,93.03876,41,0.7525585,45.58472,Masculino,FALSE
4.653389,8,12,93.03876,41,0.7525585,45.58472,Masculino,FALSE
4.952652,12,12,67.51026,22,0.1020949,12.52201,Femenino,FALSE
4.895838,1,3,80.50422,25,0.5148641,100,Femenino,FALSE
4.503906,0,0,56.55196,28,2.422109,37.59651,Masculino,FALSE
4.503906,0,0,56.55196,28,2.422109,37.59651,Masculino,FALSE
4.945488,6,7,59.76929,43,2.265522,32.9445,Femenino,FALSE
4.945488,6,7,59.76929,43,2.265522,32.9445,Femenino,FALSE
2.829304,7,5,66.10549,26,1.346729,15.10681,Femenino,TRUE
2.829304,7,5,66.10549,26,1.346729,15.10681,Femenino,TRUE
4.525592,5,3,59.80474,25,0.2940305,40.8203,Masculino,FALSE
